#
# There is insufficient memory for the Java Runtime Environment to continue.
# Native memory allocation (malloc) failed to allocate 777232 bytes. Error detail: Chunk::new
# Possible reasons:
#   The system is out of physical RAM or swap space
#   This process is running with CompressedOops enabled, and the Java Heap may be blocking the growth of the native heap
# Possible solutions:
#   Reduce memory load on the system
#   Increase physical memory or swap space
#   Check if swap backing store is full
#   Decrease Java heap size (-Xmx/-Xms)
#   Decrease number of Java threads
#   Decrease Java thread stack sizes (-Xss)
#   Set larger code cache with -XX:ReservedCodeCacheSize=
#   JVM is running with Unscaled Compressed Oops mode in which the Java heap is
#     placed in the first 4GB address space. The Java Heap base address is the
#     maximum limit for the native heap growth. Please use -XX:HeapBaseMinAddress
#     to set the Java Heap base and to place the Java Heap above 4GB virtual address.
# This output file may be truncated or incomplete.
#
#  Out of Memory Error (arena.cpp:168), pid=19036, tid=2748
#
# JRE version: OpenJDK Runtime Environment (21.0.10) (build 21.0.10+-14961533-b1163.108)
# Java VM: OpenJDK 64-Bit Server VM (21.0.10+-14961533-b1163.108, mixed mode, tiered, compressed oops, compressed class ptrs, g1 gc, windows-amd64)
# No core dump will be written. Minidumps are not enabled by default on client versions of Windows
#

---------------  S U M M A R Y ------------

Command Line: --add-opens=java.base/java.lang=ALL-UNNAMED --add-opens=java.base/java.lang.invoke=ALL-UNNAMED --add-opens=java.base/java.util=ALL-UNNAMED --add-opens=java.prefs/java.util.prefs=ALL-UNNAMED --add-exports=jdk.compiler/com.sun.tools.javac.api=ALL-UNNAMED --add-exports=jdk.compiler/com.sun.tools.javac.util=ALL-UNNAMED --add-opens=java.base/java.util=ALL-UNNAMED --add-opens=java.prefs/java.util.prefs=ALL-UNNAMED --add-opens=java.base/java.nio.charset=ALL-UNNAMED --add-opens=java.base/java.net=ALL-UNNAMED --add-opens=java.base/java.util.concurrent=ALL-UNNAMED --add-opens=java.base/java.util.concurrent.atomic=ALL-UNNAMED --add-opens=java.xml/javax.xml.namespace=ALL-UNNAMED --add-opens=java.base/java.time=ALL-UNNAMED -Xmx2048m -Dfile.encoding=UTF-8 -Duser.country=BR -Duser.language=pt -Duser.variant -javaagent:C:\Users\breno\scoop\apps\gradle\current\.gradle\wrapper\dists\gradle-9.3.1-bin\23ovyewtku6u96viwx3xl3oks\gradle-9.3.1\lib\agents\gradle-instrumentation-agent-9.3.1.jar org.gradle.launcher.daemon.bootstrap.GradleDaemon 9.3.1

Host: Intel(R) Core(TM) i7-3770 CPU @ 3.40GHz, 8 cores, 7G,  Windows 10 , 64 bit Build 19041 (10.0.19041.5915)
Time: Sun May  3 23:42:25 2026 Hora oficial do Brasil elapsed time: 1031.476760 seconds (0d 0h 17m 11s)

---------------  T H R E A D  ---------------

Current thread (0x000002e7ff147de0):  JavaThread "C2 CompilerThread0" daemon [_thread_in_native, id=2748, stack(0x000000ff4d800000,0x000000ff4d900000) (1024K)]


Current CompileTask:
C2:1031478 23552       4       java.util.regex.Matcher::replaceAll (59 bytes)

Stack: [0x000000ff4d800000,0x000000ff4d900000]
Native frames: (J=compiled Java code, j=interpreted, Vv=VM code, C=native code)
V  [jvm.dll+0x6d78a9]
V  [jvm.dll+0x8665b3]
V  [jvm.dll+0x868bde]
V  [jvm.dll+0x8692c3]
V  [jvm.dll+0x280ee6]
V  [jvm.dll+0xc07cd]
V  [jvm.dll+0xc0d03]
V  [jvm.dll+0x3ba0cb]
V  [jvm.dll+0x385df7]
V  [jvm.dll+0x38526a]
V  [jvm.dll+0x249bd2]
V  [jvm.dll+0x2491a1]
V  [jvm.dll+0x1c76e4]
V  [jvm.dll+0x25891e]
V  [jvm.dll+0x256e66]
V  [jvm.dll+0x3f513e]
V  [jvm.dll+0x80fd28]
V  [jvm.dll+0x6d60fd]
C  [ucrtbase.dll+0x21bb2]
C  [KERNEL32.DLL+0x17374]
C  [ntdll.dll+0x4cc91]


---------------  P R O C E S S  ---------------

Threads class SMR info:
_java_thread_list=0x000002e79b07fc70, length=83, elements={
0x000002e7f8864290, 0x000002e7ff0ff960, 0x000002e7ff105640, 0x000002e7ff105cb0,
0x000002e7ff10f1f0, 0x000002e7ff10f860, 0x000002e7ff10fed0, 0x000002e7ff110d50,
0x000002e7ff147de0, 0x000002e7ff148490, 0x000002e7ff435dd0, 0x000002e79685f310,
0x000002e7959f4780, 0x000002e79593c290, 0x000002e79706f840, 0x000002e797a1a500,
0x000002e797a17da0, 0x000002e797a197e0, 0x000002e797a19150, 0x000002e797a19e70,
0x000002e797a1bf40, 0x000002e797a1d2f0, 0x000002e797a1d980, 0x000002e79ac9eb80,
0x000002e79ac9f210, 0x000002e799dc9850, 0x000002e799dc7e10, 0x000002e799dc84a0,
0x000002e795d43d60, 0x000002e79b1ba830, 0x000002e799cf3f10, 0x000002e799cf52c0,
0x000002e799cf5fe0, 0x000002e799cf7390, 0x000002e79b4b43c0, 0x000002e79ca82df0,
0x000002e79ca841a0, 0x000002e79ca85550, 0x000002e79ca8a410, 0x000002e79ca85be0,
0x000002e79ca88340, 0x000002e79ca84830, 0x000002e79ca89d80, 0x000002e79ca86270,
0x000002e79ca83480, 0x000002e79ca86900, 0x000002e79ca889d0, 0x000002e79ca87cb0,
0x000002e79ca896f0, 0x000002e7999c4f50, 0x000002e7999c27f0, 0x000002e7999c55e0,
0x000002e7999c6990, 0x000002e7999c0db0, 0x000002e7999c3510, 0x000002e7999c7020,
0x000002e7999c0090, 0x000002e7999c8a60, 0x000002e7999c7d40, 0x000002e7999c90f0,
0x000002e7999ccc00, 0x000002e7999cc570, 0x000002e7999c9780, 0x000002e7999cd290,
0x000002e79a5643b0, 0x000002e7999ca4a0, 0x000002e7999c76b0, 0x000002e7999cd920,
0x000002e7999cb850, 0x000002e7999cb1c0, 0x000002e7999cdfb0, 0x000002e7999ce640,
0x000002e7999cecd0, 0x000002e7999cf360, 0x000002e799cf6670, 0x000002e799cf5950,
0x000002e799cf6d00, 0x000002e799cf45a0, 0x000002e799cf7a20, 0x000002e799cf1e40,
0x000002e799cf80b0, 0x000002e799cf9460, 0x000002e799cf31f0
}

Java Threads: ( => current thread )
  0x000002e7f8864290 JavaThread "main"                              [_thread_blocked, id=17860, stack(0x000000ff4c900000,0x000000ff4ca00000) (1024K)]
  0x000002e7ff0ff960 JavaThread "Common-Cleaner"             daemon [_thread_blocked, id=19272, stack(0x000000ff4d100000,0x000000ff4d200000) (1024K)]
  0x000002e7ff105640 JavaThread "Reference Handler"          daemon [_thread_blocked, id=904, stack(0x000000ff4d200000,0x000000ff4d300000) (1024K)]
  0x000002e7ff105cb0 JavaThread "Finalizer"                  daemon [_thread_blocked, id=17640, stack(0x000000ff4d300000,0x000000ff4d400000) (1024K)]
  0x000002e7ff10f1f0 JavaThread "Signal Dispatcher"          daemon [_thread_blocked, id=14956, stack(0x000000ff4d400000,0x000000ff4d500000) (1024K)]
  0x000002e7ff10f860 JavaThread "Attach Listener"            daemon [_thread_blocked, id=9900, stack(0x000000ff4d500000,0x000000ff4d600000) (1024K)]
  0x000002e7ff10fed0 JavaThread "Service Thread"             daemon [_thread_blocked, id=13392, stack(0x000000ff4d600000,0x000000ff4d700000) (1024K)]
  0x000002e7ff110d50 JavaThread "Monitor Deflation Thread"   daemon [_thread_blocked, id=6584, stack(0x000000ff4d700000,0x000000ff4d800000) (1024K)]
=>0x000002e7ff147de0 JavaThread "C2 CompilerThread0"         daemon [_thread_in_native, id=2748, stack(0x000000ff4d800000,0x000000ff4d900000) (1024K)]
  0x000002e7ff148490 JavaThread "C1 CompilerThread0"         daemon [_thread_in_native, id=10956, stack(0x000000ff4d900000,0x000000ff4da00000) (1024K)]
  0x000002e7ff435dd0 JavaThread "Notification Thread"        daemon [_thread_blocked, id=6364, stack(0x000000ff4da00000,0x000000ff4db00000) (1024K)]
  0x000002e79685f310 JavaThread "Daemon health stats"               [_thread_blocked, id=11764, stack(0x000000ff4e300000,0x000000ff4e400000) (1024K)]
  0x000002e7959f4780 JavaThread "Incoming local TCP Connector on port 50952"        [_thread_in_native, id=4624, stack(0x000000ff4e400000,0x000000ff4e500000) (1024K)]
  0x000002e79593c290 JavaThread "Daemon periodic checks"            [_thread_blocked, id=18832, stack(0x000000ff4e500000,0x000000ff4e600000) (1024K)]
  0x000002e79706f840 JavaThread "Cache worker for journal cache (C:\Users\breno\scoop\apps\gradle\current\.gradle\caches\journal-1)"        [_thread_blocked, id=2364, stack(0x000000ff4ee00000,0x000000ff4ef00000) (1024K)]
  0x000002e797a1a500 JavaThread "File lock request listener"        [_thread_in_native, id=14648, stack(0x000000ff4ef00000,0x000000ff4f000000) (1024K)]
  0x000002e797a17da0 JavaThread "Cache worker for file hash cache (C:\Users\breno\scoop\apps\gradle\current\.gradle\caches\9.3.1\fileHashes)"        [_thread_blocked, id=11012, stack(0x000000ff4f000000,0x000000ff4f100000) (1024K)]
  0x000002e797a197e0 JavaThread "File watcher server"        daemon [_thread_in_native, id=7308, stack(0x000000ff4f400000,0x000000ff4f500000) (1024K)]
  0x000002e797a19150 JavaThread "File watcher consumer"      daemon [_thread_blocked, id=4460, stack(0x000000ff4f500000,0x000000ff4f600000) (1024K)]
  0x000002e797a19e70 JavaThread "Cache worker for file content cache (C:\Users\breno\scoop\apps\gradle\current\.gradle\caches\9.3.1\fileContent)"        [_thread_blocked, id=8888, stack(0x000000ff4f700000,0x000000ff4f800000) (1024K)]
  0x000002e797a1bf40 JavaThread "jar transforms"                    [_thread_blocked, id=10768, stack(0x000000ff4fa00000,0x000000ff4fb00000) (1024K)]
  0x000002e797a1d2f0 JavaThread "jar transforms Thread 2"           [_thread_blocked, id=9872, stack(0x000000ff4fb00000,0x000000ff4fc00000) (1024K)]
  0x000002e797a1d980 JavaThread "jar transforms Thread 3"           [_thread_blocked, id=10008, stack(0x000000ff4fc00000,0x000000ff4fd00000) (1024K)]
  0x000002e79ac9eb80 JavaThread "jar transforms Thread 4"           [_thread_blocked, id=4204, stack(0x000000ff50b00000,0x000000ff50c00000) (1024K)]
  0x000002e79ac9f210 JavaThread "jar transforms Thread 5"           [_thread_blocked, id=15356, stack(0x000000ff50c00000,0x000000ff50d00000) (1024K)]
  0x000002e799dc9850 JavaThread "jar transforms Thread 6"           [_thread_blocked, id=6868, stack(0x000000ff51400000,0x000000ff51500000) (1024K)]
  0x000002e799dc7e10 JavaThread "jar transforms Thread 7"           [_thread_blocked, id=18472, stack(0x000000ff51500000,0x000000ff51600000) (1024K)]
  0x000002e799dc84a0 JavaThread "jar transforms Thread 8"           [_thread_blocked, id=12116, stack(0x000000ff51600000,0x000000ff51700000) (1024K)]
  0x000002e795d43d60 JavaThread "Memory manager"                    [_thread_blocked, id=14700, stack(0x000000ff53000000,0x000000ff53100000) (1024K)]
  0x000002e79b1ba830 JavaThread "pool-3-thread-1"                   [_thread_blocked, id=1788, stack(0x000000ff53200000,0x000000ff53300000) (1024K)]
  0x000002e799cf3f10 JavaThread "RMI Scheduler(0)"           daemon [_thread_blocked, id=19760, stack(0x000000ff56100000,0x000000ff56200000) (1024K)]
  0x000002e799cf52c0 JavaThread "RMI GC Daemon"              daemon [_thread_blocked, id=19768, stack(0x000000ff56300000,0x000000ff56400000) (1024K)]
  0x000002e799cf5fe0 JavaThread "RMI TCP Accept-0"           daemon [_thread_in_native, id=19776, stack(0x000000ff56400000,0x000000ff56500000) (1024K)]
  0x000002e799cf7390 JavaThread "RMI Reaper"                        [_thread_blocked, id=19780, stack(0x000000ff56500000,0x000000ff56600000) (1024K)]
  0x000002e79b4b43c0 JavaThread "pool-7-thread-1"                   [_thread_blocked, id=13588, stack(0x000000ff51f00000,0x000000ff52000000) (1024K)]
  0x000002e79ca82df0 JavaThread "RMI TCP Connection(idle)"   daemon [_thread_blocked, id=19516, stack(0x000000ff4c600000,0x000000ff4c700000) (1024K)]
  0x000002e79ca841a0 JavaThread "Daemon Thread 3"                   [_thread_blocked, id=18888, stack(0x000000ff4c700000,0x000000ff4c800000) (1024K)]
  0x000002e79ca85550 JavaThread "Handler for socket connection from /127.0.0.1:50952 to /127.0.0.1:51175"        [_thread_in_native, id=19168, stack(0x000000ff4c800000,0x000000ff4c900000) (1024K)]
  0x000002e79ca8a410 JavaThread "Cancel handler"                    [_thread_blocked, id=14936, stack(0x000000ff4db00000,0x000000ff4dc00000) (1024K)]
  0x000002e79ca85be0 JavaThread "Daemon worker Thread 3"            [_thread_in_Java, id=8792, stack(0x000000ff4e600000,0x000000ff4e700000) (1024K)]
  0x000002e79ca88340 JavaThread "Asynchronous log dispatcher for DefaultDaemonConnection: socket connection from /127.0.0.1:50952 to /127.0.0.1:51175"        [_thread_blocked, id=14284, stack(0x000000ff4e700000,0x000000ff4e800000) (1024K)]
  0x000002e79ca84830 JavaThread "Stdin handler"                     [_thread_blocked, id=6808, stack(0x000000ff4e800000,0x000000ff4e900000) (1024K)]
  0x000002e79ca89d80 JavaThread "Daemon client event forwarder"        [_thread_blocked, id=9020, stack(0x000000ff4e900000,0x000000ff4ea00000) (1024K)]
  0x000002e79ca86270 JavaThread "Cache worker for file hash cache (C:\Users\breno\Desktop\TCC senai\.gradle\9.3.1\fileHashes)"        [_thread_blocked, id=19952, stack(0x000000ff4eb00000,0x000000ff4ec00000) (1024K)]
  0x000002e79ca83480 JavaThread "Cache worker for Build Output Cleanup Cache (C:\Users\breno\Desktop\TCC senai\.gradle\buildOutputCleanup)"        [_thread_blocked, id=20000, stack(0x000000ff4ec00000,0x000000ff4ed00000) (1024K)]
  0x000002e79ca86900 JavaThread "Cache worker for checksums cache (C:\Users\breno\Desktop\TCC senai\.gradle\9.3.1\checksums)"        [_thread_blocked, id=11620, stack(0x000000ff4ed00000,0x000000ff4ee00000) (1024K)]
  0x000002e79ca889d0 JavaThread "Cache worker for cache directory md-supplier (C:\Users\breno\scoop\apps\gradle\current\.gradle\caches\9.3.1\md-supplier)"        [_thread_blocked, id=17576, stack(0x000000ff4f100000,0x000000ff4f200000) (1024K)]
  0x000002e79ca87cb0 JavaThread "Cache worker for cache directory md-rule (C:\Users\breno\scoop\apps\gradle\current\.gradle\caches\9.3.1\md-rule)"        [_thread_blocked, id=18500, stack(0x000000ff4f200000,0x000000ff4f300000) (1024K)]
  0x000002e79ca896f0 JavaThread "Unconstrained build operations"        [_thread_blocked, id=20100, stack(0x000000ff4f300000,0x000000ff4f400000) (1024K)]
  0x000002e7999c4f50 JavaThread "Unconstrained build operations Thread 2"        [_thread_blocked, id=14040, stack(0x000000ff4f600000,0x000000ff4f700000) (1024K)]
  0x000002e7999c27f0 JavaThread "Unconstrained build operations Thread 3"        [_thread_blocked, id=6852, stack(0x000000ff4f800000,0x000000ff4f900000) (1024K)]
  0x000002e7999c55e0 JavaThread "Unconstrained build operations Thread 4"        [_thread_blocked, id=14520, stack(0x000000ff4f900000,0x000000ff4fa00000) (1024K)]
  0x000002e7999c6990 JavaThread "Unconstrained build operations Thread 5"        [_thread_blocked, id=19784, stack(0x000000ff4fd00000,0x000000ff4fe00000) (1024K)]
  0x000002e7999c0db0 JavaThread "Unconstrained build operations Thread 6"        [_thread_blocked, id=5004, stack(0x000000ff4fe00000,0x000000ff4ff00000) (1024K)]
  0x000002e7999c3510 JavaThread "Unconstrained build operations Thread 7"        [_thread_blocked, id=3900, stack(0x000000ff4ff00000,0x000000ff50000000) (1024K)]
  0x000002e7999c7020 JavaThread "Unconstrained build operations Thread 8"        [_thread_blocked, id=12416, stack(0x000000ff50000000,0x000000ff50100000) (1024K)]
  0x000002e7999c0090 JavaThread "Unconstrained build operations Thread 9"        [_thread_blocked, id=11284, stack(0x000000ff50100000,0x000000ff50200000) (1024K)]
  0x000002e7999c8a60 JavaThread "Unconstrained build operations Thread 10"        [_thread_blocked, id=11164, stack(0x000000ff50200000,0x000000ff50300000) (1024K)]
  0x000002e7999c7d40 JavaThread "Unconstrained build operations Thread 11"        [_thread_blocked, id=5068, stack(0x000000ff50300000,0x000000ff50400000) (1024K)]
  0x000002e7999c90f0 JavaThread "Unconstrained build operations Thread 12"        [_thread_blocked, id=5044, stack(0x000000ff50400000,0x000000ff50500000) (1024K)]
  0x000002e7999ccc00 JavaThread "Unconstrained build operations Thread 13"        [_thread_blocked, id=17708, stack(0x000000ff50500000,0x000000ff50600000) (1024K)]
  0x000002e7999cc570 JavaThread "Unconstrained build operations Thread 14"        [_thread_blocked, id=15364, stack(0x000000ff50600000,0x000000ff50700000) (1024K)]
  0x000002e7999c9780 JavaThread "Unconstrained build operations Thread 15"        [_thread_blocked, id=8504, stack(0x000000ff50700000,0x000000ff50800000) (1024K)]
  0x000002e7999cd290 JavaThread "Unconstrained build operations Thread 16"        [_thread_blocked, id=19928, stack(0x000000ff50800000,0x000000ff50900000) (1024K)]
  0x000002e79a5643b0 JavaThread "C2 CompilerThread1"         daemon [_thread_in_native, id=9232, stack(0x000000ff50900000,0x000000ff50a00000) (1024K)]
  0x000002e7999ca4a0 JavaThread "Unconstrained build operations Thread 17"        [_thread_blocked, id=8172, stack(0x000000ff50d00000,0x000000ff50e00000) (1024K)]
  0x000002e7999c76b0 JavaThread "Unconstrained build operations Thread 18"        [_thread_blocked, id=18532, stack(0x000000ff50e00000,0x000000ff50f00000) (1024K)]
  0x000002e7999cd920 JavaThread "Unconstrained build operations Thread 19"        [_thread_blocked, id=8352, stack(0x000000ff50f00000,0x000000ff51000000) (1024K)]
  0x000002e7999cb850 JavaThread "Unconstrained build operations Thread 20"        [_thread_blocked, id=5964, stack(0x000000ff51000000,0x000000ff51100000) (1024K)]
  0x000002e7999cb1c0 JavaThread "Unconstrained build operations Thread 21"        [_thread_blocked, id=15976, stack(0x000000ff51100000,0x000000ff51200000) (1024K)]
  0x000002e7999cdfb0 JavaThread "Unconstrained build operations Thread 22"        [_thread_blocked, id=19356, stack(0x000000ff51200000,0x000000ff51300000) (1024K)]
  0x000002e7999ce640 JavaThread "Unconstrained build operations Thread 23"        [_thread_blocked, id=4324, stack(0x000000ff51300000,0x000000ff51400000) (1024K)]
  0x000002e7999cecd0 JavaThread "Unconstrained build operations Thread 24"        [_thread_blocked, id=7908, stack(0x000000ff51700000,0x000000ff51800000) (1024K)]
  0x000002e7999cf360 JavaThread "Unconstrained build operations Thread 25"        [_thread_blocked, id=1044, stack(0x000000ff51800000,0x000000ff51900000) (1024K)]
  0x000002e799cf6670 JavaThread "Unconstrained build operations Thread 26"        [_thread_blocked, id=19852, stack(0x000000ff51900000,0x000000ff51a00000) (1024K)]
  0x000002e799cf5950 JavaThread "Unconstrained build operations Thread 27"        [_thread_blocked, id=20384, stack(0x000000ff51a00000,0x000000ff51b00000) (1024K)]
  0x000002e799cf6d00 JavaThread "Unconstrained build operations Thread 28"        [_thread_blocked, id=9992, stack(0x000000ff51b00000,0x000000ff51c00000) (1024K)]
  0x000002e799cf45a0 JavaThread "Unconstrained build operations Thread 29"        [_thread_blocked, id=13772, stack(0x000000ff51c00000,0x000000ff51d00000) (1024K)]
  0x000002e799cf7a20 JavaThread "Unconstrained build operations Thread 30"        [_thread_blocked, id=8208, stack(0x000000ff51d00000,0x000000ff51e00000) (1024K)]
  0x000002e799cf1e40 JavaThread "build event listener"              [_thread_blocked, id=10188, stack(0x000000ff51e00000,0x000000ff51f00000) (1024K)]
  0x000002e799cf80b0 JavaThread "build event listener"              [_thread_blocked, id=18820, stack(0x000000ff52000000,0x000000ff52100000) (1024K)]
  0x000002e799cf9460 JavaThread "pool-11-thread-1"                  [_thread_blocked, id=18864, stack(0x000000ff50a00000,0x000000ff50b00000) (1024K)]
  0x000002e799cf31f0 JavaThread "build event listener"              [_thread_blocked, id=12220, stack(0x000000ff52100000,0x000000ff52200000) (1024K)]
Total: 83

Other Threads:
  0x000002e7fef2d350 VMThread "VM Thread"                           [id=18840, stack(0x000000ff4d000000,0x000000ff4d100000) (1024K)]
  0x000002e7feef6fd0 WatcherThread "VM Periodic Task Thread"        [id=5328, stack(0x000000ff4cf00000,0x000000ff4d000000) (1024K)]
  0x000002e7f88b9ea0 WorkerThread "GC Thread#0"                     [id=10748, stack(0x000000ff4ca00000,0x000000ff4cb00000) (1024K)]
  0x000002e7fef2d700 WorkerThread "GC Thread#1"                     [id=2188, stack(0x000000ff4dc00000,0x000000ff4dd00000) (1024K)]
  0x000002e7fef2cfa0 WorkerThread "GC Thread#2"                     [id=4464, stack(0x000000ff4dd00000,0x000000ff4de00000) (1024K)]
  0x000002e7fef2e5c0 WorkerThread "GC Thread#3"                     [id=7412, stack(0x000000ff4de00000,0x000000ff4df00000) (1024K)]
  0x000002e7fef2cbf0 WorkerThread "GC Thread#4"                     [id=14548, stack(0x000000ff4df00000,0x000000ff4e000000) (1024K)]
  0x000002e7955d9f10 WorkerThread "GC Thread#5"                     [id=7408, stack(0x000000ff4e000000,0x000000ff4e100000) (1024K)]
  0x000002e7955da2c0 WorkerThread "GC Thread#6"                     [id=11896, stack(0x000000ff4e100000,0x000000ff4e200000) (1024K)]
  0x000002e7955daa20 WorkerThread "GC Thread#7"                     [id=6392, stack(0x000000ff4e200000,0x000000ff4e300000) (1024K)]
  0x000002e7f653bfe0 ConcurrentGCThread "G1 Main Marker"            [id=11756, stack(0x000000ff4cb00000,0x000000ff4cc00000) (1024K)]
  0x000002e7f653d8b0 WorkerThread "G1 Conc#0"                       [id=9316, stack(0x000000ff4cc00000,0x000000ff4cd00000) (1024K)]
  0x000002e7955dc3f0 WorkerThread "G1 Conc#1"                       [id=13812, stack(0x000000ff4ea00000,0x000000ff4eb00000) (1024K)]
  0x000002e7fedbb520 ConcurrentGCThread "G1 Refine#0"               [id=6972, stack(0x000000ff4cd00000,0x000000ff4ce00000) (1024K)]
  0x000002e7fedbd970 ConcurrentGCThread "G1 Service"                [id=16200, stack(0x000000ff4ce00000,0x000000ff4cf00000) (1024K)]
Total: 15

Threads with active compile tasks:
C2 CompilerThread0  1031550 23552       4       java.util.regex.Matcher::replaceAll (59 bytes)
C2 CompilerThread1  1031550 23633       4       com.google.common.reflect.TypeToken::getRawTypes (34 bytes)
Total: 2

VM state: not at safepoint (normal execution)

VM Mutex/Monitor currently owned by a thread: None

Heap address: 0x0000000080000000, size: 2048 MB, Compressed Oops mode: 32-bit

CDS archive(s) not mapped
Compressed class space mapped at: 0x0000000100000000-0x0000000140000000, reserved size: 1073741824
Narrow klass base: 0x0000000000000000, Narrow klass shift: 3, Narrow klass range: 0x140000000

GC Precious Log:
 CardTable entry size: 512
 Card Set container configuration: InlinePtr #cards 5 size 8 Array Of Cards #cards 12 size 40 Howl #buckets 4 coarsen threshold 1843 Howl Bitmap #cards 512 size 80 coarsen threshold 460 Card regions per heap region 1 cards per card region 2048
 CPUs: 8 total, 8 available
 Memory: 8156M
 Large Page Support: Disabled
 NUMA Support: Disabled
 Compressed Oops: Enabled (32-bit)
 Heap Region Size: 1M
 Heap Min Capacity: 8M
 Heap Initial Capacity: 128M
 Heap Max Capacity: 2G
 Pre-touch: Disabled
 Parallel Workers: 8
 Concurrent Workers: 2
 Concurrent Refinement Workers: 8
 Periodic GC: Disabled

Heap:
 garbage-first heap   total 509952K, used 280135K [0x0000000080000000, 0x0000000100000000)
  region size 1024K, 122 young (124928K), 1 survivors (1024K)
 Metaspace       used 163277K, committed 165888K, reserved 1245184K
  class space    used 22619K, committed 23872K, reserved 1048576K

Heap Regions: E=young(eden), S=young(survivor), O=old, HS=humongous(starts), HC=humongous(continues), CS=collection set, F=free, TAMS=top-at-mark-start, PB=parsable bottom
|   0|0x0000000080000000, 0x0000000080100000, 0x0000000080100000|100%|HS|  |TAMS 0x0000000080000000| PB 0x0000000080000000| Complete 
|   1|0x0000000080100000, 0x0000000080200000, 0x0000000080200000|100%|HC|  |TAMS 0x0000000080100000| PB 0x0000000080100000| Complete 
|   2|0x0000000080200000, 0x0000000080300000, 0x0000000080300000|100%|HC|  |TAMS 0x0000000080200000| PB 0x0000000080200000| Complete 
|   3|0x0000000080300000, 0x0000000080400000, 0x0000000080400000|100%|HC|  |TAMS 0x0000000080300000| PB 0x0000000080300000| Complete 
|   4|0x0000000080400000, 0x0000000080500000, 0x0000000080500000|100%| O|  |TAMS 0x0000000080400000| PB 0x0000000080400000| Untracked 
|   5|0x0000000080500000, 0x0000000080600000, 0x0000000080600000|100%| O|  |TAMS 0x0000000080500000| PB 0x0000000080500000| Untracked 
|   6|0x0000000080600000, 0x0000000080700000, 0x0000000080700000|100%| O|  |TAMS 0x0000000080600000| PB 0x0000000080600000| Untracked 
|   7|0x0000000080700000, 0x0000000080800000, 0x0000000080800000|100%|HS|  |TAMS 0x0000000080700000| PB 0x0000000080700000| Complete 
|   8|0x0000000080800000, 0x0000000080900000, 0x0000000080900000|100%| O|  |TAMS 0x0000000080800000| PB 0x0000000080800000| Untracked 
|   9|0x0000000080900000, 0x0000000080a00000, 0x0000000080a00000|100%| O|  |TAMS 0x0000000080900000| PB 0x0000000080900000| Untracked 
|  10|0x0000000080a00000, 0x0000000080b00000, 0x0000000080b00000|100%| O|  |TAMS 0x0000000080a00000| PB 0x0000000080a00000| Untracked 
|  11|0x0000000080b00000, 0x0000000080c00000, 0x0000000080c00000|100%| O|  |TAMS 0x0000000080b00000| PB 0x0000000080b00000| Untracked 
|  12|0x0000000080c00000, 0x0000000080d00000, 0x0000000080d00000|100%| O|  |TAMS 0x0000000080c00000| PB 0x0000000080c00000| Untracked 
|  13|0x0000000080d00000, 0x0000000080e00000, 0x0000000080e00000|100%| O|  |TAMS 0x0000000080d00000| PB 0x0000000080d00000| Untracked 
|  14|0x0000000080e00000, 0x0000000080f00000, 0x0000000080f00000|100%| O|  |TAMS 0x0000000080e00000| PB 0x0000000080e00000| Untracked 
|  15|0x0000000080f00000, 0x0000000081000000, 0x0000000081000000|100%| O|  |TAMS 0x0000000080f00000| PB 0x0000000080f00000| Untracked 
|  16|0x0000000081000000, 0x0000000081100000, 0x0000000081100000|100%| O|  |TAMS 0x0000000081000000| PB 0x0000000081000000| Untracked 
|  17|0x0000000081100000, 0x0000000081200000, 0x0000000081200000|100%| O|  |TAMS 0x0000000081100000| PB 0x0000000081100000| Untracked 
|  18|0x0000000081200000, 0x0000000081300000, 0x0000000081300000|100%| O|  |TAMS 0x0000000081200000| PB 0x0000000081200000| Untracked 
|  19|0x0000000081300000, 0x0000000081400000, 0x0000000081400000|100%| O|  |TAMS 0x0000000081300000| PB 0x0000000081300000| Untracked 
|  20|0x0000000081400000, 0x0000000081500000, 0x0000000081500000|100%| O|  |TAMS 0x0000000081400000| PB 0x0000000081400000| Untracked 
|  21|0x0000000081500000, 0x0000000081600000, 0x0000000081600000|100%| O|  |TAMS 0x0000000081500000| PB 0x0000000081500000| Untracked 
|  22|0x0000000081600000, 0x0000000081700000, 0x0000000081700000|100%| O|  |TAMS 0x0000000081600000| PB 0x0000000081600000| Untracked 
|  23|0x0000000081700000, 0x0000000081800000, 0x0000000081800000|100%| O|  |TAMS 0x0000000081700000| PB 0x0000000081700000| Untracked 
|  24|0x0000000081800000, 0x0000000081900000, 0x0000000081900000|100%| O|  |TAMS 0x0000000081800000| PB 0x0000000081800000| Untracked 
|  25|0x0000000081900000, 0x0000000081a00000, 0x0000000081a00000|100%| O|  |TAMS 0x0000000081900000| PB 0x0000000081900000| Untracked 
|  26|0x0000000081a00000, 0x0000000081b00000, 0x0000000081b00000|100%| O|  |TAMS 0x0000000081a00000| PB 0x0000000081a00000| Untracked 
|  27|0x0000000081b00000, 0x0000000081c00000, 0x0000000081c00000|100%| O|  |TAMS 0x0000000081b00000| PB 0x0000000081b00000| Untracked 
|  28|0x0000000081c00000, 0x0000000081d00000, 0x0000000081d00000|100%| O|  |TAMS 0x0000000081c00000| PB 0x0000000081c00000| Untracked 
|  29|0x0000000081d00000, 0x0000000081e00000, 0x0000000081e00000|100%| O|  |TAMS 0x0000000081d00000| PB 0x0000000081d00000| Untracked 
|  30|0x0000000081e00000, 0x0000000081f00000, 0x0000000081f00000|100%| O|  |TAMS 0x0000000081e00000| PB 0x0000000081e00000| Untracked 
|  31|0x0000000081f00000, 0x0000000082000000, 0x0000000082000000|100%| O|  |TAMS 0x0000000081f00000| PB 0x0000000081f00000| Untracked 
|  32|0x0000000082000000, 0x0000000082100000, 0x0000000082100000|100%|HS|  |TAMS 0x0000000082000000| PB 0x0000000082000000| Complete 
|  33|0x0000000082100000, 0x0000000082200000, 0x0000000082200000|100%|HC|  |TAMS 0x0000000082100000| PB 0x0000000082100000| Complete 
|  34|0x0000000082200000, 0x0000000082300000, 0x0000000082300000|100%| O|  |TAMS 0x0000000082200000| PB 0x0000000082200000| Untracked 
|  35|0x0000000082300000, 0x0000000082400000, 0x0000000082400000|100%| O|  |TAMS 0x0000000082300000| PB 0x0000000082300000| Untracked 
|  36|0x0000000082400000, 0x0000000082500000, 0x0000000082500000|100%| O|  |TAMS 0x0000000082400000| PB 0x0000000082400000| Untracked 
|  37|0x0000000082500000, 0x0000000082600000, 0x0000000082600000|100%| O|  |TAMS 0x0000000082500000| PB 0x0000000082500000| Untracked 
|  38|0x0000000082600000, 0x0000000082700000, 0x0000000082700000|100%| O|  |TAMS 0x0000000082600000| PB 0x0000000082600000| Untracked 
|  39|0x0000000082700000, 0x0000000082800000, 0x0000000082800000|100%| O|  |TAMS 0x0000000082700000| PB 0x0000000082700000| Untracked 
|  40|0x0000000082800000, 0x0000000082900000, 0x0000000082900000|100%| O|  |TAMS 0x0000000082800000| PB 0x0000000082800000| Untracked 
|  41|0x0000000082900000, 0x0000000082a00000, 0x0000000082a00000|100%| O|  |TAMS 0x0000000082900000| PB 0x0000000082900000| Untracked 
|  42|0x0000000082a00000, 0x0000000082b00000, 0x0000000082b00000|100%| O|  |TAMS 0x0000000082a00000| PB 0x0000000082a00000| Untracked 
|  43|0x0000000082b00000, 0x0000000082c00000, 0x0000000082c00000|100%| O|  |TAMS 0x0000000082b00000| PB 0x0000000082b00000| Untracked 
|  44|0x0000000082c00000, 0x0000000082d00000, 0x0000000082d00000|100%| O|  |TAMS 0x0000000082c00000| PB 0x0000000082c00000| Untracked 
|  45|0x0000000082d00000, 0x0000000082e00000, 0x0000000082e00000|100%| O|  |TAMS 0x0000000082d00000| PB 0x0000000082d00000| Untracked 
|  46|0x0000000082e00000, 0x0000000082f00000, 0x0000000082f00000|100%| O|  |TAMS 0x0000000082e00000| PB 0x0000000082e00000| Untracked 
|  47|0x0000000082f00000, 0x0000000083000000, 0x0000000083000000|100%| O|  |TAMS 0x0000000082f00000| PB 0x0000000082f00000| Untracked 
|  48|0x0000000083000000, 0x0000000083100000, 0x0000000083100000|100%| O|  |TAMS 0x0000000083000000| PB 0x0000000083000000| Untracked 
|  49|0x0000000083100000, 0x0000000083200000, 0x0000000083200000|100%| O|  |TAMS 0x0000000083100000| PB 0x0000000083100000| Untracked 
|  50|0x0000000083200000, 0x0000000083300000, 0x0000000083300000|100%| O|  |TAMS 0x0000000083200000| PB 0x0000000083200000| Untracked 
|  51|0x0000000083300000, 0x0000000083400000, 0x0000000083400000|100%|HS|  |TAMS 0x0000000083300000| PB 0x0000000083300000| Complete 
|  52|0x0000000083400000, 0x0000000083500000, 0x0000000083500000|100%| O|  |TAMS 0x0000000083400000| PB 0x0000000083400000| Untracked 
|  53|0x0000000083500000, 0x0000000083600000, 0x0000000083600000|100%| O|  |TAMS 0x0000000083500000| PB 0x0000000083500000| Untracked 
|  54|0x0000000083600000, 0x0000000083700000, 0x0000000083700000|100%|HS|  |TAMS 0x0000000083600000| PB 0x0000000083600000| Complete 
|  55|0x0000000083700000, 0x0000000083800000, 0x0000000083800000|100%|HS|  |TAMS 0x0000000083700000| PB 0x0000000083700000| Complete 
|  56|0x0000000083800000, 0x0000000083900000, 0x0000000083900000|100%|HC|  |TAMS 0x0000000083800000| PB 0x0000000083800000| Complete 
|  57|0x0000000083900000, 0x0000000083a00000, 0x0000000083a00000|100%| O|  |TAMS 0x0000000083900000| PB 0x0000000083900000| Untracked 
|  58|0x0000000083a00000, 0x0000000083a00000, 0x0000000083b00000|  0%| F|  |TAMS 0x0000000083a00000| PB 0x0000000083a00000| Untracked 
|  59|0x0000000083b00000, 0x0000000083c00000, 0x0000000083c00000|100%|HS|  |TAMS 0x0000000083b00000| PB 0x0000000083b00000| Complete 
|  60|0x0000000083c00000, 0x0000000083d00000, 0x0000000083d00000|100%|HS|  |TAMS 0x0000000083c00000| PB 0x0000000083c00000| Complete 
|  61|0x0000000083d00000, 0x0000000083e00000, 0x0000000083e00000|100%| O|  |TAMS 0x0000000083d00000| PB 0x0000000083d00000| Untracked 
|  62|0x0000000083e00000, 0x0000000083f00000, 0x0000000083f00000|100%|HS|  |TAMS 0x0000000083e00000| PB 0x0000000083e00000| Complete 
|  63|0x0000000083f00000, 0x0000000084000000, 0x0000000084000000|100%|HS|  |TAMS 0x0000000083f00000| PB 0x0000000083f00000| Complete 
|  64|0x0000000084000000, 0x0000000084100000, 0x0000000084100000|100%| O|  |TAMS 0x0000000084000000| PB 0x0000000084000000| Untracked 
|  65|0x0000000084100000, 0x0000000084200000, 0x0000000084200000|100%| O|  |TAMS 0x0000000084100000| PB 0x0000000084100000| Untracked 
|  66|0x0000000084200000, 0x0000000084300000, 0x0000000084300000|100%|HS|  |TAMS 0x0000000084200000| PB 0x0000000084200000| Complete 
|  67|0x0000000084300000, 0x0000000084400000, 0x0000000084400000|100%|HC|  |TAMS 0x0000000084300000| PB 0x0000000084300000| Complete 
|  68|0x0000000084400000, 0x0000000084500000, 0x0000000084500000|100%| O|  |TAMS 0x0000000084400000| PB 0x0000000084400000| Untracked 
|  69|0x0000000084500000, 0x0000000084600000, 0x0000000084600000|100%| O|  |TAMS 0x0000000084500000| PB 0x0000000084500000| Untracked 
|  70|0x0000000084600000, 0x0000000084700000, 0x0000000084700000|100%| O|  |TAMS 0x0000000084600000| PB 0x0000000084600000| Untracked 
|  71|0x0000000084700000, 0x0000000084800000, 0x0000000084800000|100%| O|  |TAMS 0x0000000084700000| PB 0x0000000084700000| Untracked 
|  72|0x0000000084800000, 0x0000000084900000, 0x0000000084900000|100%| O|  |TAMS 0x0000000084800000| PB 0x0000000084800000| Untracked 
|  73|0x0000000084900000, 0x0000000084a00000, 0x0000000084a00000|100%| O|  |TAMS 0x0000000084900000| PB 0x0000000084900000| Untracked 
|  74|0x0000000084a00000, 0x0000000084b00000, 0x0000000084b00000|100%| O|  |TAMS 0x0000000084a00000| PB 0x0000000084a00000| Untracked 
|  75|0x0000000084b00000, 0x0000000084c00000, 0x0000000084c00000|100%| O|  |TAMS 0x0000000084b00000| PB 0x0000000084b00000| Untracked 
|  76|0x0000000084c00000, 0x0000000084d00000, 0x0000000084d00000|100%|HS|  |TAMS 0x0000000084c00000| PB 0x0000000084c00000| Complete 
|  77|0x0000000084d00000, 0x0000000084e00000, 0x0000000084e00000|100%| O|  |TAMS 0x0000000084d00000| PB 0x0000000084d00000| Untracked 
|  78|0x0000000084e00000, 0x0000000084f00000, 0x0000000084f00000|100%| O|  |TAMS 0x0000000084e00000| PB 0x0000000084e00000| Untracked 
|  79|0x0000000084f00000, 0x0000000085000000, 0x0000000085000000|100%| O|  |TAMS 0x0000000084f00000| PB 0x0000000084f00000| Untracked 
|  80|0x0000000085000000, 0x0000000085100000, 0x0000000085100000|100%| O|  |TAMS 0x0000000085000000| PB 0x0000000085000000| Untracked 
|  81|0x0000000085100000, 0x0000000085200000, 0x0000000085200000|100%| O|  |TAMS 0x0000000085100000| PB 0x0000000085100000| Untracked 
|  82|0x0000000085200000, 0x0000000085300000, 0x0000000085300000|100%| O|  |TAMS 0x0000000085200000| PB 0x0000000085200000| Untracked 
|  83|0x0000000085300000, 0x0000000085400000, 0x0000000085400000|100%| O|  |TAMS 0x0000000085300000| PB 0x0000000085300000| Untracked 
|  84|0x0000000085400000, 0x0000000085500000, 0x0000000085500000|100%| O|  |TAMS 0x0000000085400000| PB 0x0000000085400000| Untracked 
|  85|0x0000000085500000, 0x0000000085600000, 0x0000000085600000|100%| O|  |TAMS 0x0000000085500000| PB 0x0000000085500000| Untracked 
|  86|0x0000000085600000, 0x0000000085700000, 0x0000000085700000|100%| O|  |TAMS 0x0000000085600000| PB 0x0000000085600000| Untracked 
|  87|0x0000000085700000, 0x0000000085800000, 0x0000000085800000|100%| O|  |TAMS 0x0000000085700000| PB 0x0000000085700000| Untracked 
|  88|0x0000000085800000, 0x0000000085900000, 0x0000000085900000|100%| O|  |TAMS 0x0000000085800000| PB 0x0000000085800000| Untracked 
|  89|0x0000000085900000, 0x0000000085a00000, 0x0000000085a00000|100%| O|  |TAMS 0x0000000085900000| PB 0x0000000085900000| Untracked 
|  90|0x0000000085a00000, 0x0000000085b00000, 0x0000000085b00000|100%| O|  |TAMS 0x0000000085a00000| PB 0x0000000085a00000| Untracked 
|  91|0x0000000085b00000, 0x0000000085b00000, 0x0000000085c00000|  0%| F|  |TAMS 0x0000000085b00000| PB 0x0000000085b00000| Untracked 
|  92|0x0000000085c00000, 0x0000000085d00000, 0x0000000085d00000|100%| O|  |TAMS 0x0000000085c00000| PB 0x0000000085c00000| Untracked 
|  93|0x0000000085d00000, 0x0000000085e00000, 0x0000000085e00000|100%| O|  |TAMS 0x0000000085d00000| PB 0x0000000085d00000| Untracked 
|  94|0x0000000085e00000, 0x0000000085f00000, 0x0000000085f00000|100%| O|  |TAMS 0x0000000085e00000| PB 0x0000000085e00000| Untracked 
|  95|0x0000000085f00000, 0x0000000086000000, 0x0000000086000000|100%| O|  |TAMS 0x0000000085f00000| PB 0x0000000085f00000| Untracked 
|  96|0x0000000086000000, 0x0000000086100000, 0x0000000086100000|100%| O|  |TAMS 0x0000000086000000| PB 0x0000000086000000| Untracked 
|  97|0x0000000086100000, 0x0000000086200000, 0x0000000086200000|100%| O|  |TAMS 0x0000000086100000| PB 0x0000000086100000| Untracked 
|  98|0x0000000086200000, 0x0000000086300000, 0x0000000086300000|100%| O|  |TAMS 0x0000000086200000| PB 0x0000000086200000| Untracked 
|  99|0x0000000086300000, 0x0000000086400000, 0x0000000086400000|100%| O|  |TAMS 0x0000000086300000| PB 0x0000000086300000| Untracked 
| 100|0x0000000086400000, 0x0000000086500000, 0x0000000086500000|100%| O|  |TAMS 0x0000000086400000| PB 0x0000000086400000| Untracked 
| 101|0x0000000086500000, 0x0000000086500000, 0x0000000086600000|  0%| F|  |TAMS 0x0000000086500000| PB 0x0000000086500000| Untracked 
| 102|0x0000000086600000, 0x0000000086600000, 0x0000000086700000|  0%| F|  |TAMS 0x0000000086600000| PB 0x0000000086600000| Untracked 
| 103|0x0000000086700000, 0x0000000086700000, 0x0000000086800000|  0%| F|  |TAMS 0x0000000086700000| PB 0x0000000086700000| Untracked 
| 104|0x0000000086800000, 0x0000000086900000, 0x0000000086900000|100%| O|  |TAMS 0x0000000086800000| PB 0x0000000086800000| Untracked 
| 105|0x0000000086900000, 0x0000000086a00000, 0x0000000086a00000|100%| O|  |TAMS 0x0000000086900000| PB 0x0000000086900000| Untracked 
| 106|0x0000000086a00000, 0x0000000086b00000, 0x0000000086b00000|100%| O|  |TAMS 0x0000000086a00000| PB 0x0000000086a00000| Untracked 
| 107|0x0000000086b00000, 0x0000000086c00000, 0x0000000086c00000|100%| O|  |TAMS 0x0000000086b00000| PB 0x0000000086b00000| Untracked 
| 108|0x0000000086c00000, 0x0000000086d00000, 0x0000000086d00000|100%| O|  |TAMS 0x0000000086c00000| PB 0x0000000086c00000| Untracked 
| 109|0x0000000086d00000, 0x0000000086e00000, 0x0000000086e00000|100%| O|  |TAMS 0x0000000086d00000| PB 0x0000000086d00000| Untracked 
| 110|0x0000000086e00000, 0x0000000086f00000, 0x0000000086f00000|100%| O|  |TAMS 0x0000000086e00000| PB 0x0000000086e00000| Untracked 
| 111|0x0000000086f00000, 0x0000000087000000, 0x0000000087000000|100%| O|  |TAMS 0x0000000086f00000| PB 0x0000000086f00000| Untracked 
| 112|0x0000000087000000, 0x0000000087100000, 0x0000000087100000|100%| O|  |TAMS 0x0000000087000000| PB 0x0000000087000000| Untracked 
| 113|0x0000000087100000, 0x0000000087200000, 0x0000000087200000|100%| O|  |TAMS 0x0000000087100000| PB 0x0000000087100000| Untracked 
| 114|0x0000000087200000, 0x0000000087300000, 0x0000000087300000|100%| O|  |TAMS 0x0000000087200000| PB 0x0000000087200000| Untracked 
| 115|0x0000000087300000, 0x0000000087400000, 0x0000000087400000|100%| O|  |TAMS 0x0000000087300000| PB 0x0000000087300000| Untracked 
| 116|0x0000000087400000, 0x0000000087500000, 0x0000000087500000|100%| O|  |TAMS 0x0000000087400000| PB 0x0000000087400000| Untracked 
| 117|0x0000000087500000, 0x0000000087600000, 0x0000000087600000|100%| O|  |TAMS 0x0000000087500000| PB 0x0000000087500000| Untracked 
| 118|0x0000000087600000, 0x0000000087700000, 0x0000000087700000|100%| O|  |TAMS 0x0000000087600000| PB 0x0000000087600000| Untracked 
| 119|0x0000000087700000, 0x0000000087800000, 0x0000000087800000|100%| O|  |TAMS 0x0000000087700000| PB 0x0000000087700000| Untracked 
| 120|0x0000000087800000, 0x0000000087900000, 0x0000000087900000|100%| O|  |TAMS 0x0000000087800000| PB 0x0000000087800000| Untracked 
| 121|0x0000000087900000, 0x0000000087a00000, 0x0000000087a00000|100%| O|  |TAMS 0x0000000087900000| PB 0x0000000087900000| Untracked 
| 122|0x0000000087a00000, 0x0000000087b00000, 0x0000000087b00000|100%| O|  |TAMS 0x0000000087a00000| PB 0x0000000087a00000| Untracked 
| 123|0x0000000087b00000, 0x0000000087c00000, 0x0000000087c00000|100%| O|  |TAMS 0x0000000087b00000| PB 0x0000000087b00000| Untracked 
| 124|0x0000000087c00000, 0x0000000087d00000, 0x0000000087d00000|100%| O|  |TAMS 0x0000000087c00000| PB 0x0000000087c00000| Untracked 
| 125|0x0000000087d00000, 0x0000000087e00000, 0x0000000087e00000|100%| O|  |TAMS 0x0000000087d00000| PB 0x0000000087d00000| Untracked 
| 126|0x0000000087e00000, 0x0000000087f00000, 0x0000000087f00000|100%| O|  |TAMS 0x0000000087e00000| PB 0x0000000087e00000| Untracked 
| 127|0x0000000087f00000, 0x0000000088000000, 0x0000000088000000|100%| O|  |TAMS 0x0000000087f00000| PB 0x0000000087f00000| Untracked 
| 128|0x0000000088000000, 0x0000000088100000, 0x0000000088100000|100%| O|  |TAMS 0x0000000088000000| PB 0x0000000088000000| Untracked 
| 129|0x0000000088100000, 0x0000000088200000, 0x0000000088200000|100%| O|  |TAMS 0x0000000088100000| PB 0x0000000088100000| Untracked 
| 130|0x0000000088200000, 0x0000000088300000, 0x0000000088300000|100%| O|  |TAMS 0x0000000088200000| PB 0x0000000088200000| Untracked 
| 131|0x0000000088300000, 0x0000000088400000, 0x0000000088400000|100%| O|  |TAMS 0x0000000088300000| PB 0x0000000088300000| Untracked 
| 132|0x0000000088400000, 0x0000000088500000, 0x0000000088500000|100%| O|  |TAMS 0x0000000088400000| PB 0x0000000088400000| Untracked 
| 133|0x0000000088500000, 0x0000000088600000, 0x0000000088600000|100%| O|  |TAMS 0x0000000088500000| PB 0x0000000088500000| Untracked 
| 134|0x0000000088600000, 0x0000000088700000, 0x0000000088700000|100%| O|  |TAMS 0x0000000088600000| PB 0x0000000088600000| Untracked 
| 135|0x0000000088700000, 0x0000000088800000, 0x0000000088800000|100%| O|  |TAMS 0x0000000088700000| PB 0x0000000088700000| Untracked 
| 136|0x0000000088800000, 0x0000000088900000, 0x0000000088900000|100%| O|  |TAMS 0x0000000088800000| PB 0x0000000088800000| Untracked 
| 137|0x0000000088900000, 0x0000000088a00000, 0x0000000088a00000|100%| O|  |TAMS 0x0000000088900000| PB 0x0000000088900000| Untracked 
| 138|0x0000000088a00000, 0x0000000088b00000, 0x0000000088b00000|100%| O|  |TAMS 0x0000000088a00000| PB 0x0000000088a00000| Untracked 
| 139|0x0000000088b00000, 0x0000000088c00000, 0x0000000088c00000|100%| O|  |TAMS 0x0000000088b00000| PB 0x0000000088b00000| Untracked 
| 140|0x0000000088c00000, 0x0000000088c00000, 0x0000000088d00000|  0%| F|  |TAMS 0x0000000088c00000| PB 0x0000000088c00000| Untracked 
| 141|0x0000000088d00000, 0x0000000088e00000, 0x0000000088e00000|100%| O|  |TAMS 0x0000000088d00000| PB 0x0000000088d00000| Untracked 
| 142|0x0000000088e00000, 0x0000000088f00000, 0x0000000088f00000|100%| O|  |TAMS 0x0000000088e00000| PB 0x0000000088e00000| Untracked 
| 143|0x0000000088f00000, 0x0000000089000000, 0x0000000089000000|100%| O|  |TAMS 0x0000000088f00000| PB 0x0000000088f00000| Untracked 
| 144|0x0000000089000000, 0x0000000089100000, 0x0000000089100000|100%| O|  |TAMS 0x0000000089000000| PB 0x0000000089000000| Untracked 
| 145|0x0000000089100000, 0x0000000089200000, 0x0000000089200000|100%| O|  |TAMS 0x0000000089100000| PB 0x0000000089100000| Untracked 
| 146|0x0000000089200000, 0x0000000089300000, 0x0000000089300000|100%| O|  |TAMS 0x0000000089200000| PB 0x0000000089200000| Untracked 
| 147|0x0000000089300000, 0x0000000089400000, 0x0000000089400000|100%| O|  |TAMS 0x0000000089300000| PB 0x0000000089300000| Untracked 
| 148|0x0000000089400000, 0x0000000089500000, 0x0000000089500000|100%| O|  |TAMS 0x0000000089400000| PB 0x0000000089400000| Untracked 
| 149|0x0000000089500000, 0x0000000089600000, 0x0000000089600000|100%| O|  |TAMS 0x0000000089500000| PB 0x0000000089500000| Untracked 
| 150|0x0000000089600000, 0x0000000089700000, 0x0000000089700000|100%| O|  |TAMS 0x0000000089600000| PB 0x0000000089600000| Untracked 
| 151|0x0000000089700000, 0x0000000089800000, 0x0000000089800000|100%| O|  |TAMS 0x0000000089700000| PB 0x0000000089700000| Untracked 
| 152|0x0000000089800000, 0x0000000089900000, 0x0000000089900000|100%| O|  |TAMS 0x0000000089800000| PB 0x0000000089800000| Untracked 
| 153|0x0000000089900000, 0x0000000089a00000, 0x0000000089a00000|100%| O|  |TAMS 0x0000000089900000| PB 0x0000000089900000| Untracked 
| 154|0x0000000089a00000, 0x0000000089b00000, 0x0000000089b00000|100%| O|  |TAMS 0x0000000089a00000| PB 0x0000000089a00000| Untracked 
| 155|0x0000000089b00000, 0x0000000089b05e00, 0x0000000089c00000|  2%| O|  |TAMS 0x0000000089b00000| PB 0x0000000089b00000| Untracked 
| 156|0x0000000089c00000, 0x0000000089c00000, 0x0000000089d00000|  0%| F|  |TAMS 0x0000000089c00000| PB 0x0000000089c00000| Untracked 
| 157|0x0000000089d00000, 0x0000000089d00000, 0x0000000089e00000|  0%| F|  |TAMS 0x0000000089d00000| PB 0x0000000089d00000| Untracked 
| 158|0x0000000089e00000, 0x0000000089e00000, 0x0000000089f00000|  0%| F|  |TAMS 0x0000000089e00000| PB 0x0000000089e00000| Untracked 
| 159|0x0000000089f00000, 0x0000000089f00000, 0x000000008a000000|  0%| F|  |TAMS 0x0000000089f00000| PB 0x0000000089f00000| Untracked 
| 160|0x000000008a000000, 0x000000008a000000, 0x000000008a100000|  0%| F|  |TAMS 0x000000008a000000| PB 0x000000008a000000| Untracked 
| 161|0x000000008a100000, 0x000000008a100000, 0x000000008a200000|  0%| F|  |TAMS 0x000000008a100000| PB 0x000000008a100000| Untracked 
| 162|0x000000008a200000, 0x000000008a200000, 0x000000008a300000|  0%| F|  |TAMS 0x000000008a200000| PB 0x000000008a200000| Untracked 
| 163|0x000000008a300000, 0x000000008a300000, 0x000000008a400000|  0%| F|  |TAMS 0x000000008a300000| PB 0x000000008a300000| Untracked 
| 164|0x000000008a400000, 0x000000008a400000, 0x000000008a500000|  0%| F|  |TAMS 0x000000008a400000| PB 0x000000008a400000| Untracked 
| 165|0x000000008a500000, 0x000000008a500000, 0x000000008a600000|  0%| F|  |TAMS 0x000000008a500000| PB 0x000000008a500000| Untracked 
| 166|0x000000008a600000, 0x000000008a600000, 0x000000008a700000|  0%| F|  |TAMS 0x000000008a600000| PB 0x000000008a600000| Untracked 
| 167|0x000000008a700000, 0x000000008a700000, 0x000000008a800000|  0%| F|  |TAMS 0x000000008a700000| PB 0x000000008a700000| Untracked 
| 168|0x000000008a800000, 0x000000008a800000, 0x000000008a900000|  0%| F|  |TAMS 0x000000008a800000| PB 0x000000008a800000| Untracked 
| 169|0x000000008a900000, 0x000000008a900000, 0x000000008aa00000|  0%| F|  |TAMS 0x000000008a900000| PB 0x000000008a900000| Untracked 
| 170|0x000000008aa00000, 0x000000008aa00000, 0x000000008ab00000|  0%| F|  |TAMS 0x000000008aa00000| PB 0x000000008aa00000| Untracked 
| 171|0x000000008ab00000, 0x000000008ab00000, 0x000000008ac00000|  0%| F|  |TAMS 0x000000008ab00000| PB 0x000000008ab00000| Untracked 
| 172|0x000000008ac00000, 0x000000008ac00000, 0x000000008ad00000|  0%| F|  |TAMS 0x000000008ac00000| PB 0x000000008ac00000| Untracked 
| 173|0x000000008ad00000, 0x000000008ad00000, 0x000000008ae00000|  0%| F|  |TAMS 0x000000008ad00000| PB 0x000000008ad00000| Untracked 
| 174|0x000000008ae00000, 0x000000008ae00000, 0x000000008af00000|  0%| F|  |TAMS 0x000000008ae00000| PB 0x000000008ae00000| Untracked 
| 175|0x000000008af00000, 0x000000008af00000, 0x000000008b000000|  0%| F|  |TAMS 0x000000008af00000| PB 0x000000008af00000| Untracked 
| 176|0x000000008b000000, 0x000000008b000000, 0x000000008b100000|  0%| F|  |TAMS 0x000000008b000000| PB 0x000000008b000000| Untracked 
| 177|0x000000008b100000, 0x000000008b100000, 0x000000008b200000|  0%| F|  |TAMS 0x000000008b100000| PB 0x000000008b100000| Untracked 
| 178|0x000000008b200000, 0x000000008b200000, 0x000000008b300000|  0%| F|  |TAMS 0x000000008b200000| PB 0x000000008b200000| Untracked 
| 179|0x000000008b300000, 0x000000008b300000, 0x000000008b400000|  0%| F|  |TAMS 0x000000008b300000| PB 0x000000008b300000| Untracked 
| 180|0x000000008b400000, 0x000000008b400000, 0x000000008b500000|  0%| F|  |TAMS 0x000000008b400000| PB 0x000000008b400000| Untracked 
| 181|0x000000008b500000, 0x000000008b500000, 0x000000008b600000|  0%| F|  |TAMS 0x000000008b500000| PB 0x000000008b500000| Untracked 
| 182|0x000000008b600000, 0x000000008b600000, 0x000000008b700000|  0%| F|  |TAMS 0x000000008b600000| PB 0x000000008b600000| Untracked 
| 183|0x000000008b700000, 0x000000008b700000, 0x000000008b800000|  0%| F|  |TAMS 0x000000008b700000| PB 0x000000008b700000| Untracked 
| 184|0x000000008b800000, 0x000000008b800000, 0x000000008b900000|  0%| F|  |TAMS 0x000000008b800000| PB 0x000000008b800000| Untracked 
| 185|0x000000008b900000, 0x000000008b900000, 0x000000008ba00000|  0%| F|  |TAMS 0x000000008b900000| PB 0x000000008b900000| Untracked 
| 186|0x000000008ba00000, 0x000000008ba00000, 0x000000008bb00000|  0%| F|  |TAMS 0x000000008ba00000| PB 0x000000008ba00000| Untracked 
| 187|0x000000008bb00000, 0x000000008bb00000, 0x000000008bc00000|  0%| F|  |TAMS 0x000000008bb00000| PB 0x000000008bb00000| Untracked 
| 188|0x000000008bc00000, 0x000000008bc00000, 0x000000008bd00000|  0%| F|  |TAMS 0x000000008bc00000| PB 0x000000008bc00000| Untracked 
| 189|0x000000008bd00000, 0x000000008bd00000, 0x000000008be00000|  0%| F|  |TAMS 0x000000008bd00000| PB 0x000000008bd00000| Untracked 
| 190|0x000000008be00000, 0x000000008be00000, 0x000000008bf00000|  0%| F|  |TAMS 0x000000008be00000| PB 0x000000008be00000| Untracked 
| 191|0x000000008bf00000, 0x000000008bf00000, 0x000000008c000000|  0%| F|  |TAMS 0x000000008bf00000| PB 0x000000008bf00000| Untracked 
| 192|0x000000008c000000, 0x000000008c000000, 0x000000008c100000|  0%| F|  |TAMS 0x000000008c000000| PB 0x000000008c000000| Untracked 
| 193|0x000000008c100000, 0x000000008c100000, 0x000000008c200000|  0%| F|  |TAMS 0x000000008c100000| PB 0x000000008c100000| Untracked 
| 194|0x000000008c200000, 0x000000008c200000, 0x000000008c300000|  0%| F|  |TAMS 0x000000008c200000| PB 0x000000008c200000| Untracked 
| 195|0x000000008c300000, 0x000000008c38bef8, 0x000000008c400000| 54%| S|CS|TAMS 0x000000008c300000| PB 0x000000008c300000| Complete 
| 196|0x000000008c400000, 0x000000008c400000, 0x000000008c500000|  0%| F|  |TAMS 0x000000008c400000| PB 0x000000008c400000| Untracked 
| 197|0x000000008c500000, 0x000000008c500000, 0x000000008c600000|  0%| F|  |TAMS 0x000000008c500000| PB 0x000000008c500000| Untracked 
| 198|0x000000008c600000, 0x000000008c600000, 0x000000008c700000|  0%| F|  |TAMS 0x000000008c600000| PB 0x000000008c600000| Untracked 
| 199|0x000000008c700000, 0x000000008c700000, 0x000000008c800000|  0%| F|  |TAMS 0x000000008c700000| PB 0x000000008c700000| Untracked 
| 200|0x000000008c800000, 0x000000008c800000, 0x000000008c900000|  0%| F|  |TAMS 0x000000008c800000| PB 0x000000008c800000| Untracked 
| 201|0x000000008c900000, 0x000000008c900000, 0x000000008ca00000|  0%| F|  |TAMS 0x000000008c900000| PB 0x000000008c900000| Untracked 
| 202|0x000000008ca00000, 0x000000008ca00000, 0x000000008cb00000|  0%| F|  |TAMS 0x000000008ca00000| PB 0x000000008ca00000| Untracked 
| 203|0x000000008cb00000, 0x000000008cb00000, 0x000000008cc00000|  0%| F|  |TAMS 0x000000008cb00000| PB 0x000000008cb00000| Untracked 
| 204|0x000000008cc00000, 0x000000008cc00000, 0x000000008cd00000|  0%| F|  |TAMS 0x000000008cc00000| PB 0x000000008cc00000| Untracked 
| 205|0x000000008cd00000, 0x000000008cd00000, 0x000000008ce00000|  0%| F|  |TAMS 0x000000008cd00000| PB 0x000000008cd00000| Untracked 
| 206|0x000000008ce00000, 0x000000008ce00000, 0x000000008cf00000|  0%| F|  |TAMS 0x000000008ce00000| PB 0x000000008ce00000| Untracked 
| 207|0x000000008cf00000, 0x000000008cf00000, 0x000000008d000000|  0%| F|  |TAMS 0x000000008cf00000| PB 0x000000008cf00000| Untracked 
| 208|0x000000008d000000, 0x000000008d000000, 0x000000008d100000|  0%| F|  |TAMS 0x000000008d000000| PB 0x000000008d000000| Untracked 
| 209|0x000000008d100000, 0x000000008d100000, 0x000000008d200000|  0%| F|  |TAMS 0x000000008d100000| PB 0x000000008d100000| Untracked 
| 210|0x000000008d200000, 0x000000008d200000, 0x000000008d300000|  0%| F|  |TAMS 0x000000008d200000| PB 0x000000008d200000| Untracked 
| 211|0x000000008d300000, 0x000000008d300000, 0x000000008d400000|  0%| F|  |TAMS 0x000000008d300000| PB 0x000000008d300000| Untracked 
| 212|0x000000008d400000, 0x000000008d400000, 0x000000008d500000|  0%| F|  |TAMS 0x000000008d400000| PB 0x000000008d400000| Untracked 
| 213|0x000000008d500000, 0x000000008d500000, 0x000000008d600000|  0%| F|  |TAMS 0x000000008d500000| PB 0x000000008d500000| Untracked 
| 214|0x000000008d600000, 0x000000008d600000, 0x000000008d700000|  0%| F|  |TAMS 0x000000008d600000| PB 0x000000008d600000| Untracked 
| 215|0x000000008d700000, 0x000000008d700000, 0x000000008d800000|  0%| F|  |TAMS 0x000000008d700000| PB 0x000000008d700000| Untracked 
| 216|0x000000008d800000, 0x000000008d800000, 0x000000008d900000|  0%| F|  |TAMS 0x000000008d800000| PB 0x000000008d800000| Untracked 
| 217|0x000000008d900000, 0x000000008d900000, 0x000000008da00000|  0%| F|  |TAMS 0x000000008d900000| PB 0x000000008d900000| Untracked 
| 218|0x000000008da00000, 0x000000008da00000, 0x000000008db00000|  0%| F|  |TAMS 0x000000008da00000| PB 0x000000008da00000| Untracked 
| 219|0x000000008db00000, 0x000000008db00000, 0x000000008dc00000|  0%| F|  |TAMS 0x000000008db00000| PB 0x000000008db00000| Untracked 
| 220|0x000000008dc00000, 0x000000008dc00000, 0x000000008dd00000|  0%| F|  |TAMS 0x000000008dc00000| PB 0x000000008dc00000| Untracked 
| 221|0x000000008dd00000, 0x000000008dd00000, 0x000000008de00000|  0%| F|  |TAMS 0x000000008dd00000| PB 0x000000008dd00000| Untracked 
| 222|0x000000008de00000, 0x000000008de00000, 0x000000008df00000|  0%| F|  |TAMS 0x000000008de00000| PB 0x000000008de00000| Untracked 
| 223|0x000000008df00000, 0x000000008df00000, 0x000000008e000000|  0%| F|  |TAMS 0x000000008df00000| PB 0x000000008df00000| Untracked 
| 224|0x000000008e000000, 0x000000008e000000, 0x000000008e100000|  0%| F|  |TAMS 0x000000008e000000| PB 0x000000008e000000| Untracked 
| 225|0x000000008e100000, 0x000000008e100000, 0x000000008e200000|  0%| F|  |TAMS 0x000000008e100000| PB 0x000000008e100000| Untracked 
| 226|0x000000008e200000, 0x000000008e200000, 0x000000008e300000|  0%| F|  |TAMS 0x000000008e200000| PB 0x000000008e200000| Untracked 
| 227|0x000000008e300000, 0x000000008e300000, 0x000000008e400000|  0%| F|  |TAMS 0x000000008e300000| PB 0x000000008e300000| Untracked 
| 228|0x000000008e400000, 0x000000008e400000, 0x000000008e500000|  0%| F|  |TAMS 0x000000008e400000| PB 0x000000008e400000| Untracked 
| 229|0x000000008e500000, 0x000000008e500000, 0x000000008e600000|  0%| F|  |TAMS 0x000000008e500000| PB 0x000000008e500000| Untracked 
| 230|0x000000008e600000, 0x000000008e600000, 0x000000008e700000|  0%| F|  |TAMS 0x000000008e600000| PB 0x000000008e600000| Untracked 
| 231|0x000000008e700000, 0x000000008e700000, 0x000000008e800000|  0%| F|  |TAMS 0x000000008e700000| PB 0x000000008e700000| Untracked 
| 232|0x000000008e800000, 0x000000008e800000, 0x000000008e900000|  0%| F|  |TAMS 0x000000008e800000| PB 0x000000008e800000| Untracked 
| 233|0x000000008e900000, 0x000000008e900000, 0x000000008ea00000|  0%| F|  |TAMS 0x000000008e900000| PB 0x000000008e900000| Untracked 
| 234|0x000000008ea00000, 0x000000008ea00000, 0x000000008eb00000|  0%| F|  |TAMS 0x000000008ea00000| PB 0x000000008ea00000| Untracked 
| 235|0x000000008eb00000, 0x000000008eb00000, 0x000000008ec00000|  0%| F|  |TAMS 0x000000008eb00000| PB 0x000000008eb00000| Untracked 
| 236|0x000000008ec00000, 0x000000008ec00000, 0x000000008ed00000|  0%| F|  |TAMS 0x000000008ec00000| PB 0x000000008ec00000| Untracked 
| 237|0x000000008ed00000, 0x000000008ed00000, 0x000000008ee00000|  0%| F|  |TAMS 0x000000008ed00000| PB 0x000000008ed00000| Untracked 
| 238|0x000000008ee00000, 0x000000008ee00000, 0x000000008ef00000|  0%| F|  |TAMS 0x000000008ee00000| PB 0x000000008ee00000| Untracked 
| 239|0x000000008ef00000, 0x000000008ef00000, 0x000000008f000000|  0%| F|  |TAMS 0x000000008ef00000| PB 0x000000008ef00000| Untracked 
| 240|0x000000008f000000, 0x000000008f000000, 0x000000008f100000|  0%| F|  |TAMS 0x000000008f000000| PB 0x000000008f000000| Untracked 
| 241|0x000000008f100000, 0x000000008f100000, 0x000000008f200000|  0%| F|  |TAMS 0x000000008f100000| PB 0x000000008f100000| Untracked 
| 242|0x000000008f200000, 0x000000008f200000, 0x000000008f300000|  0%| F|  |TAMS 0x000000008f200000| PB 0x000000008f200000| Untracked 
| 243|0x000000008f300000, 0x000000008f300000, 0x000000008f400000|  0%| F|  |TAMS 0x000000008f300000| PB 0x000000008f300000| Untracked 
| 244|0x000000008f400000, 0x000000008f400000, 0x000000008f500000|  0%| F|  |TAMS 0x000000008f400000| PB 0x000000008f400000| Untracked 
| 245|0x000000008f500000, 0x000000008f500000, 0x000000008f600000|  0%| F|  |TAMS 0x000000008f500000| PB 0x000000008f500000| Untracked 
| 246|0x000000008f600000, 0x000000008f600000, 0x000000008f700000|  0%| F|  |TAMS 0x000000008f600000| PB 0x000000008f600000| Untracked 
| 247|0x000000008f700000, 0x000000008f700000, 0x000000008f800000|  0%| F|  |TAMS 0x000000008f700000| PB 0x000000008f700000| Untracked 
| 248|0x000000008f800000, 0x000000008f800000, 0x000000008f900000|  0%| F|  |TAMS 0x000000008f800000| PB 0x000000008f800000| Untracked 
| 249|0x000000008f900000, 0x000000008f900000, 0x000000008fa00000|  0%| F|  |TAMS 0x000000008f900000| PB 0x000000008f900000| Untracked 
| 250|0x000000008fa00000, 0x000000008fa00000, 0x000000008fb00000|  0%| F|  |TAMS 0x000000008fa00000| PB 0x000000008fa00000| Untracked 
| 251|0x000000008fb00000, 0x000000008fb00000, 0x000000008fc00000|  0%| F|  |TAMS 0x000000008fb00000| PB 0x000000008fb00000| Untracked 
| 252|0x000000008fc00000, 0x000000008fc00000, 0x000000008fd00000|  0%| F|  |TAMS 0x000000008fc00000| PB 0x000000008fc00000| Untracked 
| 253|0x000000008fd00000, 0x000000008fd00000, 0x000000008fe00000|  0%| F|  |TAMS 0x000000008fd00000| PB 0x000000008fd00000| Untracked 
| 254|0x000000008fe00000, 0x000000008fe00000, 0x000000008ff00000|  0%| F|  |TAMS 0x000000008fe00000| PB 0x000000008fe00000| Untracked 
| 255|0x000000008ff00000, 0x000000008ff00000, 0x0000000090000000|  0%| F|  |TAMS 0x000000008ff00000| PB 0x000000008ff00000| Untracked 
| 256|0x0000000090000000, 0x0000000090000000, 0x0000000090100000|  0%| F|  |TAMS 0x0000000090000000| PB 0x0000000090000000| Untracked 
| 257|0x0000000090100000, 0x0000000090100000, 0x0000000090200000|  0%| F|  |TAMS 0x0000000090100000| PB 0x0000000090100000| Untracked 
| 258|0x0000000090200000, 0x0000000090200000, 0x0000000090300000|  0%| F|  |TAMS 0x0000000090200000| PB 0x0000000090200000| Untracked 
| 259|0x0000000090300000, 0x0000000090300000, 0x0000000090400000|  0%| F|  |TAMS 0x0000000090300000| PB 0x0000000090300000| Untracked 
| 260|0x0000000090400000, 0x0000000090400000, 0x0000000090500000|  0%| F|  |TAMS 0x0000000090400000| PB 0x0000000090400000| Untracked 
| 261|0x0000000090500000, 0x0000000090500000, 0x0000000090600000|  0%| F|  |TAMS 0x0000000090500000| PB 0x0000000090500000| Untracked 
| 262|0x0000000090600000, 0x0000000090600000, 0x0000000090700000|  0%| F|  |TAMS 0x0000000090600000| PB 0x0000000090600000| Untracked 
| 263|0x0000000090700000, 0x0000000090700000, 0x0000000090800000|  0%| F|  |TAMS 0x0000000090700000| PB 0x0000000090700000| Untracked 
| 264|0x0000000090800000, 0x0000000090800000, 0x0000000090900000|  0%| F|  |TAMS 0x0000000090800000| PB 0x0000000090800000| Untracked 
| 265|0x0000000090900000, 0x0000000090900000, 0x0000000090a00000|  0%| F|  |TAMS 0x0000000090900000| PB 0x0000000090900000| Untracked 
| 266|0x0000000090a00000, 0x0000000090a00000, 0x0000000090b00000|  0%| F|  |TAMS 0x0000000090a00000| PB 0x0000000090a00000| Untracked 
| 267|0x0000000090b00000, 0x0000000090b00000, 0x0000000090c00000|  0%| F|  |TAMS 0x0000000090b00000| PB 0x0000000090b00000| Untracked 
| 268|0x0000000090c00000, 0x0000000090c00000, 0x0000000090d00000|  0%| F|  |TAMS 0x0000000090c00000| PB 0x0000000090c00000| Untracked 
| 269|0x0000000090d00000, 0x0000000090d00000, 0x0000000090e00000|  0%| F|  |TAMS 0x0000000090d00000| PB 0x0000000090d00000| Untracked 
| 270|0x0000000090e00000, 0x0000000090e00000, 0x0000000090f00000|  0%| F|  |TAMS 0x0000000090e00000| PB 0x0000000090e00000| Untracked 
| 271|0x0000000090f00000, 0x0000000090f00000, 0x0000000091000000|  0%| F|  |TAMS 0x0000000090f00000| PB 0x0000000090f00000| Untracked 
| 272|0x0000000091000000, 0x0000000091000000, 0x0000000091100000|  0%| F|  |TAMS 0x0000000091000000| PB 0x0000000091000000| Untracked 
| 273|0x0000000091100000, 0x0000000091100000, 0x0000000091200000|  0%| F|  |TAMS 0x0000000091100000| PB 0x0000000091100000| Untracked 
| 274|0x0000000091200000, 0x0000000091200000, 0x0000000091300000|  0%| F|  |TAMS 0x0000000091200000| PB 0x0000000091200000| Untracked 
| 275|0x0000000091300000, 0x0000000091300000, 0x0000000091400000|  0%| F|  |TAMS 0x0000000091300000| PB 0x0000000091300000| Untracked 
| 276|0x0000000091400000, 0x0000000091400000, 0x0000000091500000|  0%| F|  |TAMS 0x0000000091400000| PB 0x0000000091400000| Untracked 
| 277|0x0000000091500000, 0x0000000091500000, 0x0000000091600000|  0%| F|  |TAMS 0x0000000091500000| PB 0x0000000091500000| Untracked 
| 278|0x0000000091600000, 0x0000000091600000, 0x0000000091700000|  0%| F|  |TAMS 0x0000000091600000| PB 0x0000000091600000| Untracked 
| 279|0x0000000091700000, 0x0000000091700000, 0x0000000091800000|  0%| F|  |TAMS 0x0000000091700000| PB 0x0000000091700000| Untracked 
| 280|0x0000000091800000, 0x0000000091800000, 0x0000000091900000|  0%| F|  |TAMS 0x0000000091800000| PB 0x0000000091800000| Untracked 
| 281|0x0000000091900000, 0x0000000091900000, 0x0000000091a00000|  0%| F|  |TAMS 0x0000000091900000| PB 0x0000000091900000| Untracked 
| 282|0x0000000091a00000, 0x0000000091a00000, 0x0000000091b00000|  0%| F|  |TAMS 0x0000000091a00000| PB 0x0000000091a00000| Untracked 
| 283|0x0000000091b00000, 0x0000000091b00000, 0x0000000091c00000|  0%| F|  |TAMS 0x0000000091b00000| PB 0x0000000091b00000| Untracked 
| 284|0x0000000091c00000, 0x0000000091c00000, 0x0000000091d00000|  0%| F|  |TAMS 0x0000000091c00000| PB 0x0000000091c00000| Untracked 
| 285|0x0000000091d00000, 0x0000000091d00000, 0x0000000091e00000|  0%| F|  |TAMS 0x0000000091d00000| PB 0x0000000091d00000| Untracked 
| 286|0x0000000091e00000, 0x0000000091e00000, 0x0000000091f00000|  0%| F|  |TAMS 0x0000000091e00000| PB 0x0000000091e00000| Untracked 
| 287|0x0000000091f00000, 0x0000000091f00000, 0x0000000092000000|  0%| F|  |TAMS 0x0000000091f00000| PB 0x0000000091f00000| Untracked 
| 288|0x0000000092000000, 0x0000000092000000, 0x0000000092100000|  0%| F|  |TAMS 0x0000000092000000| PB 0x0000000092000000| Untracked 
| 289|0x0000000092100000, 0x0000000092100000, 0x0000000092200000|  0%| F|  |TAMS 0x0000000092100000| PB 0x0000000092100000| Untracked 
| 290|0x0000000092200000, 0x0000000092200000, 0x0000000092300000|  0%| F|  |TAMS 0x0000000092200000| PB 0x0000000092200000| Untracked 
| 291|0x0000000092300000, 0x0000000092300000, 0x0000000092400000|  0%| F|  |TAMS 0x0000000092300000| PB 0x0000000092300000| Untracked 
| 292|0x0000000092400000, 0x0000000092400000, 0x0000000092500000|  0%| F|  |TAMS 0x0000000092400000| PB 0x0000000092400000| Untracked 
| 293|0x0000000092500000, 0x0000000092500000, 0x0000000092600000|  0%| F|  |TAMS 0x0000000092500000| PB 0x0000000092500000| Untracked 
| 294|0x0000000092600000, 0x0000000092600000, 0x0000000092700000|  0%| F|  |TAMS 0x0000000092600000| PB 0x0000000092600000| Untracked 
| 295|0x0000000092700000, 0x0000000092700000, 0x0000000092800000|  0%| F|  |TAMS 0x0000000092700000| PB 0x0000000092700000| Untracked 
| 296|0x0000000092800000, 0x0000000092800000, 0x0000000092900000|  0%| F|  |TAMS 0x0000000092800000| PB 0x0000000092800000| Untracked 
| 297|0x0000000092900000, 0x0000000092900000, 0x0000000092a00000|  0%| F|  |TAMS 0x0000000092900000| PB 0x0000000092900000| Untracked 
| 298|0x0000000092a00000, 0x0000000092a00000, 0x0000000092b00000|  0%| F|  |TAMS 0x0000000092a00000| PB 0x0000000092a00000| Untracked 
| 299|0x0000000092b00000, 0x0000000092b00000, 0x0000000092c00000|  0%| F|  |TAMS 0x0000000092b00000| PB 0x0000000092b00000| Untracked 
| 300|0x0000000092c00000, 0x0000000092c00000, 0x0000000092d00000|  0%| F|  |TAMS 0x0000000092c00000| PB 0x0000000092c00000| Untracked 
| 301|0x0000000092d00000, 0x0000000092d00000, 0x0000000092e00000|  0%| F|  |TAMS 0x0000000092d00000| PB 0x0000000092d00000| Untracked 
| 302|0x0000000092e00000, 0x0000000092e00000, 0x0000000092f00000|  0%| F|  |TAMS 0x0000000092e00000| PB 0x0000000092e00000| Untracked 
| 303|0x0000000092f00000, 0x0000000092f00000, 0x0000000093000000|  0%| F|  |TAMS 0x0000000092f00000| PB 0x0000000092f00000| Untracked 
| 304|0x0000000093000000, 0x0000000093000000, 0x0000000093100000|  0%| F|  |TAMS 0x0000000093000000| PB 0x0000000093000000| Untracked 
| 305|0x0000000093100000, 0x0000000093100000, 0x0000000093200000|  0%| F|  |TAMS 0x0000000093100000| PB 0x0000000093100000| Untracked 
| 306|0x0000000093200000, 0x0000000093200000, 0x0000000093300000|  0%| F|  |TAMS 0x0000000093200000| PB 0x0000000093200000| Untracked 
| 307|0x0000000093300000, 0x0000000093300000, 0x0000000093400000|  0%| F|  |TAMS 0x0000000093300000| PB 0x0000000093300000| Untracked 
| 308|0x0000000093400000, 0x0000000093400000, 0x0000000093500000|  0%| F|  |TAMS 0x0000000093400000| PB 0x0000000093400000| Untracked 
| 309|0x0000000093500000, 0x0000000093500000, 0x0000000093600000|  0%| F|  |TAMS 0x0000000093500000| PB 0x0000000093500000| Untracked 
| 310|0x0000000093600000, 0x0000000093600000, 0x0000000093700000|  0%| F|  |TAMS 0x0000000093600000| PB 0x0000000093600000| Untracked 
| 311|0x0000000093700000, 0x0000000093700000, 0x0000000093800000|  0%| F|  |TAMS 0x0000000093700000| PB 0x0000000093700000| Untracked 
| 312|0x0000000093800000, 0x0000000093800000, 0x0000000093900000|  0%| F|  |TAMS 0x0000000093800000| PB 0x0000000093800000| Untracked 
| 313|0x0000000093900000, 0x0000000093900000, 0x0000000093a00000|  0%| F|  |TAMS 0x0000000093900000| PB 0x0000000093900000| Untracked 
| 314|0x0000000093a00000, 0x0000000093a00000, 0x0000000093b00000|  0%| F|  |TAMS 0x0000000093a00000| PB 0x0000000093a00000| Untracked 
| 315|0x0000000093b00000, 0x0000000093b00000, 0x0000000093c00000|  0%| F|  |TAMS 0x0000000093b00000| PB 0x0000000093b00000| Untracked 
| 316|0x0000000093c00000, 0x0000000093c00000, 0x0000000093d00000|  0%| F|  |TAMS 0x0000000093c00000| PB 0x0000000093c00000| Untracked 
| 317|0x0000000093d00000, 0x0000000093d00000, 0x0000000093e00000|  0%| F|  |TAMS 0x0000000093d00000| PB 0x0000000093d00000| Untracked 
| 318|0x0000000093e00000, 0x0000000093e00000, 0x0000000093f00000|  0%| F|  |TAMS 0x0000000093e00000| PB 0x0000000093e00000| Untracked 
| 319|0x0000000093f00000, 0x0000000093f00000, 0x0000000094000000|  0%| F|  |TAMS 0x0000000093f00000| PB 0x0000000093f00000| Untracked 
| 320|0x0000000094000000, 0x0000000094000000, 0x0000000094100000|  0%| F|  |TAMS 0x0000000094000000| PB 0x0000000094000000| Untracked 
| 321|0x0000000094100000, 0x0000000094100000, 0x0000000094200000|  0%| F|  |TAMS 0x0000000094100000| PB 0x0000000094100000| Untracked 
| 322|0x0000000094200000, 0x0000000094200000, 0x0000000094300000|  0%| F|  |TAMS 0x0000000094200000| PB 0x0000000094200000| Untracked 
| 323|0x0000000094300000, 0x0000000094300000, 0x0000000094400000|  0%| F|  |TAMS 0x0000000094300000| PB 0x0000000094300000| Untracked 
| 324|0x0000000094400000, 0x0000000094400000, 0x0000000094500000|  0%| F|  |TAMS 0x0000000094400000| PB 0x0000000094400000| Untracked 
| 325|0x0000000094500000, 0x0000000094500000, 0x0000000094600000|  0%| F|  |TAMS 0x0000000094500000| PB 0x0000000094500000| Untracked 
| 326|0x0000000094600000, 0x0000000094600000, 0x0000000094700000|  0%| F|  |TAMS 0x0000000094600000| PB 0x0000000094600000| Untracked 
| 327|0x0000000094700000, 0x0000000094700000, 0x0000000094800000|  0%| F|  |TAMS 0x0000000094700000| PB 0x0000000094700000| Untracked 
| 328|0x0000000094800000, 0x0000000094800000, 0x0000000094900000|  0%| F|  |TAMS 0x0000000094800000| PB 0x0000000094800000| Untracked 
| 329|0x0000000094900000, 0x0000000094900000, 0x0000000094a00000|  0%| F|  |TAMS 0x0000000094900000| PB 0x0000000094900000| Untracked 
| 330|0x0000000094a00000, 0x0000000094a00000, 0x0000000094b00000|  0%| F|  |TAMS 0x0000000094a00000| PB 0x0000000094a00000| Untracked 
| 331|0x0000000094b00000, 0x0000000094b00000, 0x0000000094c00000|  0%| F|  |TAMS 0x0000000094b00000| PB 0x0000000094b00000| Untracked 
| 332|0x0000000094c00000, 0x0000000094c00000, 0x0000000094d00000|  0%| F|  |TAMS 0x0000000094c00000| PB 0x0000000094c00000| Untracked 
| 333|0x0000000094d00000, 0x0000000094d00000, 0x0000000094e00000|  0%| F|  |TAMS 0x0000000094d00000| PB 0x0000000094d00000| Untracked 
| 334|0x0000000094e00000, 0x0000000094e00000, 0x0000000094f00000|  0%| F|  |TAMS 0x0000000094e00000| PB 0x0000000094e00000| Untracked 
| 335|0x0000000094f00000, 0x0000000094f00000, 0x0000000095000000|  0%| F|  |TAMS 0x0000000094f00000| PB 0x0000000094f00000| Untracked 
| 336|0x0000000095000000, 0x0000000095000000, 0x0000000095100000|  0%| F|  |TAMS 0x0000000095000000| PB 0x0000000095000000| Untracked 
| 337|0x0000000095100000, 0x0000000095100000, 0x0000000095200000|  0%| F|  |TAMS 0x0000000095100000| PB 0x0000000095100000| Untracked 
| 338|0x0000000095200000, 0x0000000095200000, 0x0000000095300000|  0%| F|  |TAMS 0x0000000095200000| PB 0x0000000095200000| Untracked 
| 339|0x0000000095300000, 0x0000000095300000, 0x0000000095400000|  0%| F|  |TAMS 0x0000000095300000| PB 0x0000000095300000| Untracked 
| 340|0x0000000095400000, 0x0000000095400000, 0x0000000095500000|  0%| F|  |TAMS 0x0000000095400000| PB 0x0000000095400000| Untracked 
| 341|0x0000000095500000, 0x0000000095500000, 0x0000000095600000|  0%| F|  |TAMS 0x0000000095500000| PB 0x0000000095500000| Untracked 
| 342|0x0000000095600000, 0x0000000095600000, 0x0000000095700000|  0%| F|  |TAMS 0x0000000095600000| PB 0x0000000095600000| Untracked 
| 343|0x0000000095700000, 0x0000000095700000, 0x0000000095800000|  0%| F|  |TAMS 0x0000000095700000| PB 0x0000000095700000| Untracked 
| 344|0x0000000095800000, 0x0000000095800000, 0x0000000095900000|  0%| F|  |TAMS 0x0000000095800000| PB 0x0000000095800000| Untracked 
| 345|0x0000000095900000, 0x0000000095900000, 0x0000000095a00000|  0%| F|  |TAMS 0x0000000095900000| PB 0x0000000095900000| Untracked 
| 346|0x0000000095a00000, 0x0000000095a00000, 0x0000000095b00000|  0%| F|  |TAMS 0x0000000095a00000| PB 0x0000000095a00000| Untracked 
| 347|0x0000000095b00000, 0x0000000095b00000, 0x0000000095c00000|  0%| F|  |TAMS 0x0000000095b00000| PB 0x0000000095b00000| Untracked 
| 348|0x0000000095c00000, 0x0000000095c00000, 0x0000000095d00000|  0%| F|  |TAMS 0x0000000095c00000| PB 0x0000000095c00000| Untracked 
| 349|0x0000000095d00000, 0x0000000095d00000, 0x0000000095e00000|  0%| F|  |TAMS 0x0000000095d00000| PB 0x0000000095d00000| Untracked 
| 350|0x0000000095e00000, 0x0000000095e00000, 0x0000000095f00000|  0%| F|  |TAMS 0x0000000095e00000| PB 0x0000000095e00000| Untracked 
| 351|0x0000000095f00000, 0x0000000095f00000, 0x0000000096000000|  0%| F|  |TAMS 0x0000000095f00000| PB 0x0000000095f00000| Untracked 
| 352|0x0000000096000000, 0x0000000096000000, 0x0000000096100000|  0%| F|  |TAMS 0x0000000096000000| PB 0x0000000096000000| Untracked 
| 353|0x0000000096100000, 0x0000000096100000, 0x0000000096200000|  0%| F|  |TAMS 0x0000000096100000| PB 0x0000000096100000| Untracked 
| 354|0x0000000096200000, 0x0000000096200000, 0x0000000096300000|  0%| F|  |TAMS 0x0000000096200000| PB 0x0000000096200000| Untracked 
| 355|0x0000000096300000, 0x0000000096300000, 0x0000000096400000|  0%| F|  |TAMS 0x0000000096300000| PB 0x0000000096300000| Untracked 
| 356|0x0000000096400000, 0x0000000096400000, 0x0000000096500000|  0%| F|  |TAMS 0x0000000096400000| PB 0x0000000096400000| Untracked 
| 357|0x0000000096500000, 0x0000000096500000, 0x0000000096600000|  0%| F|  |TAMS 0x0000000096500000| PB 0x0000000096500000| Untracked 
| 358|0x0000000096600000, 0x0000000096600000, 0x0000000096700000|  0%| F|  |TAMS 0x0000000096600000| PB 0x0000000096600000| Untracked 
| 359|0x0000000096700000, 0x0000000096700000, 0x0000000096800000|  0%| F|  |TAMS 0x0000000096700000| PB 0x0000000096700000| Untracked 
| 360|0x0000000096800000, 0x0000000096800000, 0x0000000096900000|  0%| F|  |TAMS 0x0000000096800000| PB 0x0000000096800000| Untracked 
| 361|0x0000000096900000, 0x0000000096900000, 0x0000000096a00000|  0%| F|  |TAMS 0x0000000096900000| PB 0x0000000096900000| Untracked 
| 362|0x0000000096a00000, 0x0000000096a00000, 0x0000000096b00000|  0%| F|  |TAMS 0x0000000096a00000| PB 0x0000000096a00000| Untracked 
| 363|0x0000000096b00000, 0x0000000096b00000, 0x0000000096c00000|  0%| F|  |TAMS 0x0000000096b00000| PB 0x0000000096b00000| Untracked 
| 364|0x0000000096c00000, 0x0000000096c00000, 0x0000000096d00000|  0%| F|  |TAMS 0x0000000096c00000| PB 0x0000000096c00000| Untracked 
| 365|0x0000000096d00000, 0x0000000096d00000, 0x0000000096e00000|  0%| F|  |TAMS 0x0000000096d00000| PB 0x0000000096d00000| Untracked 
| 366|0x0000000096e00000, 0x0000000096e00000, 0x0000000096f00000|  0%| F|  |TAMS 0x0000000096e00000| PB 0x0000000096e00000| Untracked 
| 367|0x0000000096f00000, 0x0000000096f00000, 0x0000000097000000|  0%| F|  |TAMS 0x0000000096f00000| PB 0x0000000096f00000| Untracked 
| 368|0x0000000097000000, 0x0000000097048860, 0x0000000097100000| 28%| E|  |TAMS 0x0000000097000000| PB 0x0000000097000000| Complete 
| 369|0x0000000097100000, 0x0000000097200000, 0x0000000097200000|100%| E|CS|TAMS 0x0000000097100000| PB 0x0000000097100000| Complete 
| 370|0x0000000097200000, 0x0000000097300000, 0x0000000097300000|100%| E|CS|TAMS 0x0000000097200000| PB 0x0000000097200000| Complete 
| 371|0x0000000097300000, 0x0000000097400000, 0x0000000097400000|100%| E|CS|TAMS 0x0000000097300000| PB 0x0000000097300000| Complete 
| 372|0x0000000097400000, 0x0000000097500000, 0x0000000097500000|100%| E|CS|TAMS 0x0000000097400000| PB 0x0000000097400000| Complete 
| 373|0x0000000097500000, 0x0000000097600000, 0x0000000097600000|100%| E|CS|TAMS 0x0000000097500000| PB 0x0000000097500000| Complete 
| 374|0x0000000097600000, 0x0000000097700000, 0x0000000097700000|100%| E|CS|TAMS 0x0000000097600000| PB 0x0000000097600000| Complete 
| 375|0x0000000097700000, 0x0000000097800000, 0x0000000097800000|100%| E|CS|TAMS 0x0000000097700000| PB 0x0000000097700000| Complete 
| 376|0x0000000097800000, 0x0000000097900000, 0x0000000097900000|100%| E|CS|TAMS 0x0000000097800000| PB 0x0000000097800000| Complete 
| 377|0x0000000097900000, 0x0000000097a00000, 0x0000000097a00000|100%| E|CS|TAMS 0x0000000097900000| PB 0x0000000097900000| Complete 
| 378|0x0000000097a00000, 0x0000000097b00000, 0x0000000097b00000|100%| E|CS|TAMS 0x0000000097a00000| PB 0x0000000097a00000| Complete 
| 379|0x0000000097b00000, 0x0000000097c00000, 0x0000000097c00000|100%| E|CS|TAMS 0x0000000097b00000| PB 0x0000000097b00000| Complete 
| 380|0x0000000097c00000, 0x0000000097d00000, 0x0000000097d00000|100%| E|CS|TAMS 0x0000000097c00000| PB 0x0000000097c00000| Complete 
| 381|0x0000000097d00000, 0x0000000097e00000, 0x0000000097e00000|100%| E|CS|TAMS 0x0000000097d00000| PB 0x0000000097d00000| Complete 
| 382|0x0000000097e00000, 0x0000000097f00000, 0x0000000097f00000|100%| E|CS|TAMS 0x0000000097e00000| PB 0x0000000097e00000| Complete 
| 383|0x0000000097f00000, 0x0000000098000000, 0x0000000098000000|100%| E|CS|TAMS 0x0000000097f00000| PB 0x0000000097f00000| Complete 
| 384|0x0000000098000000, 0x0000000098100000, 0x0000000098100000|100%| E|CS|TAMS 0x0000000098000000| PB 0x0000000098000000| Complete 
| 385|0x0000000098100000, 0x0000000098200000, 0x0000000098200000|100%| E|CS|TAMS 0x0000000098100000| PB 0x0000000098100000| Complete 
| 386|0x0000000098200000, 0x0000000098300000, 0x0000000098300000|100%| E|CS|TAMS 0x0000000098200000| PB 0x0000000098200000| Complete 
| 387|0x0000000098300000, 0x0000000098400000, 0x0000000098400000|100%| E|CS|TAMS 0x0000000098300000| PB 0x0000000098300000| Complete 
| 388|0x0000000098400000, 0x0000000098500000, 0x0000000098500000|100%| E|CS|TAMS 0x0000000098400000| PB 0x0000000098400000| Complete 
| 389|0x0000000098500000, 0x0000000098600000, 0x0000000098600000|100%| E|CS|TAMS 0x0000000098500000| PB 0x0000000098500000| Complete 
| 390|0x0000000098600000, 0x0000000098700000, 0x0000000098700000|100%| E|CS|TAMS 0x0000000098600000| PB 0x0000000098600000| Complete 
| 391|0x0000000098700000, 0x0000000098800000, 0x0000000098800000|100%| E|CS|TAMS 0x0000000098700000| PB 0x0000000098700000| Complete 
| 392|0x0000000098800000, 0x0000000098900000, 0x0000000098900000|100%| E|CS|TAMS 0x0000000098800000| PB 0x0000000098800000| Complete 
| 393|0x0000000098900000, 0x0000000098a00000, 0x0000000098a00000|100%| E|CS|TAMS 0x0000000098900000| PB 0x0000000098900000| Complete 
| 394|0x0000000098a00000, 0x0000000098b00000, 0x0000000098b00000|100%| E|CS|TAMS 0x0000000098a00000| PB 0x0000000098a00000| Complete 
| 395|0x0000000098b00000, 0x0000000098c00000, 0x0000000098c00000|100%| E|CS|TAMS 0x0000000098b00000| PB 0x0000000098b00000| Complete 
| 396|0x0000000098c00000, 0x0000000098d00000, 0x0000000098d00000|100%| E|CS|TAMS 0x0000000098c00000| PB 0x0000000098c00000| Complete 
| 397|0x0000000098d00000, 0x0000000098e00000, 0x0000000098e00000|100%| E|CS|TAMS 0x0000000098d00000| PB 0x0000000098d00000| Complete 
| 398|0x0000000098e00000, 0x0000000098f00000, 0x0000000098f00000|100%| E|CS|TAMS 0x0000000098e00000| PB 0x0000000098e00000| Complete 
| 399|0x0000000098f00000, 0x0000000099000000, 0x0000000099000000|100%| E|CS|TAMS 0x0000000098f00000| PB 0x0000000098f00000| Complete 
| 400|0x0000000099000000, 0x0000000099100000, 0x0000000099100000|100%| E|CS|TAMS 0x0000000099000000| PB 0x0000000099000000| Complete 
| 401|0x0000000099100000, 0x0000000099200000, 0x0000000099200000|100%| E|CS|TAMS 0x0000000099100000| PB 0x0000000099100000| Complete 
| 402|0x0000000099200000, 0x0000000099300000, 0x0000000099300000|100%| E|CS|TAMS 0x0000000099200000| PB 0x0000000099200000| Complete 
| 403|0x0000000099300000, 0x0000000099400000, 0x0000000099400000|100%| E|CS|TAMS 0x0000000099300000| PB 0x0000000099300000| Complete 
| 404|0x0000000099400000, 0x0000000099500000, 0x0000000099500000|100%| E|CS|TAMS 0x0000000099400000| PB 0x0000000099400000| Complete 
| 405|0x0000000099500000, 0x0000000099600000, 0x0000000099600000|100%| E|CS|TAMS 0x0000000099500000| PB 0x0000000099500000| Complete 
| 406|0x0000000099600000, 0x0000000099700000, 0x0000000099700000|100%| E|CS|TAMS 0x0000000099600000| PB 0x0000000099600000| Complete 
| 407|0x0000000099700000, 0x0000000099800000, 0x0000000099800000|100%| E|CS|TAMS 0x0000000099700000| PB 0x0000000099700000| Complete 
| 408|0x0000000099800000, 0x0000000099900000, 0x0000000099900000|100%| E|CS|TAMS 0x0000000099800000| PB 0x0000000099800000| Complete 
| 409|0x0000000099900000, 0x0000000099a00000, 0x0000000099a00000|100%| E|CS|TAMS 0x0000000099900000| PB 0x0000000099900000| Complete 
| 410|0x0000000099a00000, 0x0000000099b00000, 0x0000000099b00000|100%| E|CS|TAMS 0x0000000099a00000| PB 0x0000000099a00000| Complete 
| 411|0x0000000099b00000, 0x0000000099c00000, 0x0000000099c00000|100%| E|CS|TAMS 0x0000000099b00000| PB 0x0000000099b00000| Complete 
| 412|0x0000000099c00000, 0x0000000099d00000, 0x0000000099d00000|100%| E|CS|TAMS 0x0000000099c00000| PB 0x0000000099c00000| Complete 
| 413|0x0000000099d00000, 0x0000000099e00000, 0x0000000099e00000|100%| E|CS|TAMS 0x0000000099d00000| PB 0x0000000099d00000| Complete 
| 414|0x0000000099e00000, 0x0000000099f00000, 0x0000000099f00000|100%| E|CS|TAMS 0x0000000099e00000| PB 0x0000000099e00000| Complete 
| 415|0x0000000099f00000, 0x000000009a000000, 0x000000009a000000|100%| E|CS|TAMS 0x0000000099f00000| PB 0x0000000099f00000| Complete 
| 416|0x000000009a000000, 0x000000009a100000, 0x000000009a100000|100%| E|CS|TAMS 0x000000009a000000| PB 0x000000009a000000| Complete 
| 417|0x000000009a100000, 0x000000009a200000, 0x000000009a200000|100%| E|CS|TAMS 0x000000009a100000| PB 0x000000009a100000| Complete 
| 418|0x000000009a200000, 0x000000009a300000, 0x000000009a300000|100%| E|CS|TAMS 0x000000009a200000| PB 0x000000009a200000| Complete 
| 419|0x000000009a300000, 0x000000009a400000, 0x000000009a400000|100%| E|CS|TAMS 0x000000009a300000| PB 0x000000009a300000| Complete 
| 420|0x000000009a400000, 0x000000009a500000, 0x000000009a500000|100%| E|CS|TAMS 0x000000009a400000| PB 0x000000009a400000| Complete 
| 421|0x000000009a500000, 0x000000009a600000, 0x000000009a600000|100%| E|CS|TAMS 0x000000009a500000| PB 0x000000009a500000| Complete 
| 422|0x000000009a600000, 0x000000009a700000, 0x000000009a700000|100%| E|CS|TAMS 0x000000009a600000| PB 0x000000009a600000| Complete 
| 423|0x000000009a700000, 0x000000009a800000, 0x000000009a800000|100%| E|CS|TAMS 0x000000009a700000| PB 0x000000009a700000| Complete 
| 424|0x000000009a800000, 0x000000009a900000, 0x000000009a900000|100%| E|CS|TAMS 0x000000009a800000| PB 0x000000009a800000| Complete 
| 425|0x000000009a900000, 0x000000009aa00000, 0x000000009aa00000|100%| E|CS|TAMS 0x000000009a900000| PB 0x000000009a900000| Complete 
| 426|0x000000009aa00000, 0x000000009ab00000, 0x000000009ab00000|100%| E|CS|TAMS 0x000000009aa00000| PB 0x000000009aa00000| Complete 
| 427|0x000000009ab00000, 0x000000009ac00000, 0x000000009ac00000|100%| E|CS|TAMS 0x000000009ab00000| PB 0x000000009ab00000| Complete 
| 428|0x000000009ac00000, 0x000000009ad00000, 0x000000009ad00000|100%| E|CS|TAMS 0x000000009ac00000| PB 0x000000009ac00000| Complete 
| 429|0x000000009ad00000, 0x000000009ae00000, 0x000000009ae00000|100%| E|CS|TAMS 0x000000009ad00000| PB 0x000000009ad00000| Complete 
| 430|0x000000009ae00000, 0x000000009af00000, 0x000000009af00000|100%| E|CS|TAMS 0x000000009ae00000| PB 0x000000009ae00000| Complete 
| 431|0x000000009af00000, 0x000000009b000000, 0x000000009b000000|100%| E|CS|TAMS 0x000000009af00000| PB 0x000000009af00000| Complete 
| 432|0x000000009b000000, 0x000000009b100000, 0x000000009b100000|100%| E|CS|TAMS 0x000000009b000000| PB 0x000000009b000000| Complete 
| 433|0x000000009b100000, 0x000000009b200000, 0x000000009b200000|100%| E|CS|TAMS 0x000000009b100000| PB 0x000000009b100000| Complete 
| 434|0x000000009b200000, 0x000000009b300000, 0x000000009b300000|100%| E|CS|TAMS 0x000000009b200000| PB 0x000000009b200000| Complete 
| 435|0x000000009b300000, 0x000000009b400000, 0x000000009b400000|100%| E|CS|TAMS 0x000000009b300000| PB 0x000000009b300000| Complete 
| 436|0x000000009b400000, 0x000000009b500000, 0x000000009b500000|100%| E|CS|TAMS 0x000000009b400000| PB 0x000000009b400000| Complete 
| 437|0x000000009b500000, 0x000000009b600000, 0x000000009b600000|100%| E|CS|TAMS 0x000000009b500000| PB 0x000000009b500000| Complete 
| 438|0x000000009b600000, 0x000000009b700000, 0x000000009b700000|100%| E|CS|TAMS 0x000000009b600000| PB 0x000000009b600000| Complete 
| 439|0x000000009b700000, 0x000000009b800000, 0x000000009b800000|100%| E|CS|TAMS 0x000000009b700000| PB 0x000000009b700000| Complete 
| 440|0x000000009b800000, 0x000000009b900000, 0x000000009b900000|100%| E|CS|TAMS 0x000000009b800000| PB 0x000000009b800000| Complete 
| 441|0x000000009b900000, 0x000000009ba00000, 0x000000009ba00000|100%| E|CS|TAMS 0x000000009b900000| PB 0x000000009b900000| Complete 
| 442|0x000000009ba00000, 0x000000009bb00000, 0x000000009bb00000|100%| E|CS|TAMS 0x000000009ba00000| PB 0x000000009ba00000| Complete 
| 443|0x000000009bb00000, 0x000000009bc00000, 0x000000009bc00000|100%| E|CS|TAMS 0x000000009bb00000| PB 0x000000009bb00000| Complete 
| 444|0x000000009bc00000, 0x000000009bd00000, 0x000000009bd00000|100%| E|CS|TAMS 0x000000009bc00000| PB 0x000000009bc00000| Complete 
| 445|0x000000009bd00000, 0x000000009be00000, 0x000000009be00000|100%| E|CS|TAMS 0x000000009bd00000| PB 0x000000009bd00000| Complete 
| 446|0x000000009be00000, 0x000000009bf00000, 0x000000009bf00000|100%| E|CS|TAMS 0x000000009be00000| PB 0x000000009be00000| Complete 
| 447|0x000000009bf00000, 0x000000009c000000, 0x000000009c000000|100%| E|CS|TAMS 0x000000009bf00000| PB 0x000000009bf00000| Complete 
| 448|0x000000009c000000, 0x000000009c100000, 0x000000009c100000|100%| E|CS|TAMS 0x000000009c000000| PB 0x000000009c000000| Complete 
| 449|0x000000009c100000, 0x000000009c200000, 0x000000009c200000|100%| E|CS|TAMS 0x000000009c100000| PB 0x000000009c100000| Complete 
| 450|0x000000009c200000, 0x000000009c300000, 0x000000009c300000|100%| E|CS|TAMS 0x000000009c200000| PB 0x000000009c200000| Complete 
| 451|0x000000009c300000, 0x000000009c400000, 0x000000009c400000|100%| E|CS|TAMS 0x000000009c300000| PB 0x000000009c300000| Complete 
| 452|0x000000009c400000, 0x000000009c500000, 0x000000009c500000|100%| E|CS|TAMS 0x000000009c400000| PB 0x000000009c400000| Complete 
| 453|0x000000009c500000, 0x000000009c600000, 0x000000009c600000|100%| E|CS|TAMS 0x000000009c500000| PB 0x000000009c500000| Complete 
| 454|0x000000009c600000, 0x000000009c700000, 0x000000009c700000|100%| E|CS|TAMS 0x000000009c600000| PB 0x000000009c600000| Complete 
| 455|0x000000009c700000, 0x000000009c800000, 0x000000009c800000|100%| E|CS|TAMS 0x000000009c700000| PB 0x000000009c700000| Complete 
| 456|0x000000009c800000, 0x000000009c900000, 0x000000009c900000|100%| E|CS|TAMS 0x000000009c800000| PB 0x000000009c800000| Complete 
| 457|0x000000009c900000, 0x000000009ca00000, 0x000000009ca00000|100%| E|CS|TAMS 0x000000009c900000| PB 0x000000009c900000| Complete 
| 458|0x000000009ca00000, 0x000000009cb00000, 0x000000009cb00000|100%| E|CS|TAMS 0x000000009ca00000| PB 0x000000009ca00000| Complete 
| 459|0x000000009cb00000, 0x000000009cc00000, 0x000000009cc00000|100%| E|CS|TAMS 0x000000009cb00000| PB 0x000000009cb00000| Complete 
| 460|0x000000009cc00000, 0x000000009cd00000, 0x000000009cd00000|100%| E|CS|TAMS 0x000000009cc00000| PB 0x000000009cc00000| Complete 
| 461|0x000000009cd00000, 0x000000009ce00000, 0x000000009ce00000|100%| E|CS|TAMS 0x000000009cd00000| PB 0x000000009cd00000| Complete 
| 462|0x000000009ce00000, 0x000000009cf00000, 0x000000009cf00000|100%| E|CS|TAMS 0x000000009ce00000| PB 0x000000009ce00000| Complete 
| 463|0x000000009cf00000, 0x000000009d000000, 0x000000009d000000|100%| E|CS|TAMS 0x000000009cf00000| PB 0x000000009cf00000| Complete 
| 464|0x000000009d000000, 0x000000009d100000, 0x000000009d100000|100%| E|CS|TAMS 0x000000009d000000| PB 0x000000009d000000| Complete 
| 465|0x000000009d100000, 0x000000009d200000, 0x000000009d200000|100%| E|CS|TAMS 0x000000009d100000| PB 0x000000009d100000| Complete 
| 466|0x000000009d200000, 0x000000009d300000, 0x000000009d300000|100%| E|CS|TAMS 0x000000009d200000| PB 0x000000009d200000| Complete 
| 467|0x000000009d300000, 0x000000009d400000, 0x000000009d400000|100%| E|CS|TAMS 0x000000009d300000| PB 0x000000009d300000| Complete 
| 468|0x000000009d400000, 0x000000009d500000, 0x000000009d500000|100%| E|CS|TAMS 0x000000009d400000| PB 0x000000009d400000| Complete 
| 469|0x000000009d500000, 0x000000009d600000, 0x000000009d600000|100%| E|CS|TAMS 0x000000009d500000| PB 0x000000009d500000| Complete 
| 470|0x000000009d600000, 0x000000009d700000, 0x000000009d700000|100%| E|CS|TAMS 0x000000009d600000| PB 0x000000009d600000| Complete 
| 471|0x000000009d700000, 0x000000009d800000, 0x000000009d800000|100%| E|CS|TAMS 0x000000009d700000| PB 0x000000009d700000| Complete 
| 472|0x000000009d800000, 0x000000009d900000, 0x000000009d900000|100%| E|CS|TAMS 0x000000009d800000| PB 0x000000009d800000| Complete 
| 473|0x000000009d900000, 0x000000009da00000, 0x000000009da00000|100%| E|CS|TAMS 0x000000009d900000| PB 0x000000009d900000| Complete 
| 474|0x000000009da00000, 0x000000009db00000, 0x000000009db00000|100%| E|CS|TAMS 0x000000009da00000| PB 0x000000009da00000| Complete 
| 475|0x000000009db00000, 0x000000009dc00000, 0x000000009dc00000|100%| E|CS|TAMS 0x000000009db00000| PB 0x000000009db00000| Complete 
| 476|0x000000009dc00000, 0x000000009dd00000, 0x000000009dd00000|100%| E|CS|TAMS 0x000000009dc00000| PB 0x000000009dc00000| Complete 
| 477|0x000000009dd00000, 0x000000009de00000, 0x000000009de00000|100%| E|CS|TAMS 0x000000009dd00000| PB 0x000000009dd00000| Complete 
| 478|0x000000009de00000, 0x000000009df00000, 0x000000009df00000|100%| E|CS|TAMS 0x000000009de00000| PB 0x000000009de00000| Complete 
| 479|0x000000009df00000, 0x000000009e000000, 0x000000009e000000|100%| E|CS|TAMS 0x000000009df00000| PB 0x000000009df00000| Complete 
| 480|0x000000009e000000, 0x000000009e100000, 0x000000009e100000|100%| E|CS|TAMS 0x000000009e000000| PB 0x000000009e000000| Complete 
| 481|0x000000009e100000, 0x000000009e200000, 0x000000009e200000|100%| E|CS|TAMS 0x000000009e100000| PB 0x000000009e100000| Complete 
| 482|0x000000009e200000, 0x000000009e300000, 0x000000009e300000|100%| E|CS|TAMS 0x000000009e200000| PB 0x000000009e200000| Complete 
| 483|0x000000009e300000, 0x000000009e400000, 0x000000009e400000|100%| E|CS|TAMS 0x000000009e300000| PB 0x000000009e300000| Complete 
| 484|0x000000009e400000, 0x000000009e500000, 0x000000009e500000|100%| E|CS|TAMS 0x000000009e400000| PB 0x000000009e400000| Complete 
| 485|0x000000009e500000, 0x000000009e600000, 0x000000009e600000|100%| E|CS|TAMS 0x000000009e500000| PB 0x000000009e500000| Complete 
| 486|0x000000009e600000, 0x000000009e700000, 0x000000009e700000|100%| E|CS|TAMS 0x000000009e600000| PB 0x000000009e600000| Complete 
| 487|0x000000009e700000, 0x000000009e800000, 0x000000009e800000|100%| E|CS|TAMS 0x000000009e700000| PB 0x000000009e700000| Complete 
| 488|0x000000009e800000, 0x000000009e900000, 0x000000009e900000|100%| E|CS|TAMS 0x000000009e800000| PB 0x000000009e800000| Complete 
|2039|0x00000000ff700000, 0x00000000ff800000, 0x00000000ff800000|100%| E|CS|TAMS 0x00000000ff700000| PB 0x00000000ff700000| Complete 
|2040|0x00000000ff800000, 0x00000000ff900000, 0x00000000ff900000|100%| E|CS|TAMS 0x00000000ff800000| PB 0x00000000ff800000| Complete 
|2041|0x00000000ff900000, 0x00000000ffa00000, 0x00000000ffa00000|100%| O|  |TAMS 0x00000000ff900000| PB 0x00000000ff900000| Untracked 
|2042|0x00000000ffa00000, 0x00000000ffb00000, 0x00000000ffb00000|100%| E|CS|TAMS 0x00000000ffa00000| PB 0x00000000ffa00000| Complete 
|2043|0x00000000ffb00000, 0x00000000ffc00000, 0x00000000ffc00000|100%| E|CS|TAMS 0x00000000ffb00000| PB 0x00000000ffb00000| Complete 
|2044|0x00000000ffc00000, 0x00000000ffd00000, 0x00000000ffd00000|100%| O|  |TAMS 0x00000000ffc00000| PB 0x00000000ffc00000| Untracked 
|2045|0x00000000ffd00000, 0x00000000ffe00000, 0x00000000ffe00000|100%| O|  |TAMS 0x00000000ffd00000| PB 0x00000000ffd00000| Untracked 
|2046|0x00000000ffe00000, 0x00000000fff00000, 0x00000000fff00000|100%| O|  |TAMS 0x00000000ffe00000| PB 0x00000000ffe00000| Untracked 
|2047|0x00000000fff00000, 0x0000000100000000, 0x0000000100000000|100%| E|CS|TAMS 0x00000000fff00000| PB 0x00000000fff00000| Complete 

Card table byte_map: [0x000002e7fc100000,0x000002e7fc500000] _byte_map_base: 0x000002e7fbd00000

Marking Bits: (CMBitMap*) 0x000002e7f88ba360
 Bits: [0x000002e7fc500000, 0x000002e7fe500000)

Polling page: 0x000002e7f66d0000

Metaspace:

Usage:
  Non-class:    137.37 MB used.
      Class:     22.09 MB used.
       Both:    159.45 MB used.

Virtual space:
  Non-class space:      192.00 MB reserved,     138.69 MB ( 72%) committed,  3 nodes.
      Class space:        1.00 GB reserved,      23.31 MB (  2%) committed,  1 nodes.
             Both:        1.19 GB reserved,     162.00 MB ( 13%) committed. 

Chunk freelists:
   Non-Class:  4.89 MB
       Class:  8.62 MB
        Both:  13.52 MB

MaxMetaspaceSize: unlimited
CompressedClassSpaceSize: 1.00 GB
Initial GC threshold: 21.00 MB
Current GC threshold: 269.38 MB
CDS: off
 - commit_granule_bytes: 65536.
 - commit_granule_words: 8192.
 - virtual_space_node_default_size: 8388608.
 - enlarge_chunks_in_place: 1.
 - use_allocation_guard: 0.


Internal statistics:

num_allocs_failed_limit: 9.
num_arena_births: 5136.
num_arena_deaths: 34.
num_vsnodes_births: 4.
num_vsnodes_deaths: 0.
num_space_committed: 2589.
num_space_uncommitted: 0.
num_chunks_returned_to_freelist: 59.
num_chunks_taken_from_freelist: 12093.
num_chunk_merges: 16.
num_chunk_splits: 7956.
num_chunks_enlarged: 5065.
num_inconsistent_stats: 0.

CodeHeap 'non-profiled nmethods': size=120000Kb used=12463Kb max_used=13096Kb free=107536Kb
 bounds [0x000002e787ad0000, 0x000002e7887a0000, 0x000002e78f000000]
CodeHeap 'profiled nmethods': size=120000Kb used=36465Kb max_used=38803Kb free=83534Kb
 bounds [0x000002e780000000, 0x000002e7825f0000, 0x000002e787530000]
CodeHeap 'non-nmethods': size=5760Kb used=2170Kb max_used=2234Kb free=3589Kb
 bounds [0x000002e787530000, 0x000002e7877a0000, 0x000002e787ad0000]
CodeCache: size=245760Kb, used=51098Kb, max_used=54133Kb, free=194659Kb
 total_blobs=19536, nmethods=18511, adapters=926, full_count=0
Compilation: enabled, stopped_count=0, restarted_count=0

Compilation events (20 events):
Event: 1031.466 Thread 0x000002e7ff148490 nmethod 23616 0x000002e787e07810 code [0x000002e787e079a0, 0x000002e787e07a68]
Event: 1031.467 Thread 0x000002e7ff148490 23617       3       org.gradle.api.internal.tasks.DefaultTaskContainer_Decorated::getStore (40 bytes)
Event: 1031.468 Thread 0x000002e7ff148490 nmethod 23617 0x000002e78092c510 code [0x000002e78092c700, 0x000002e78092cc00]
Event: 1031.468 Thread 0x000002e7ff148490 23618       1       org.gradle.execution.plan.NodeGroup$1::asOrdinal (2 bytes)
Event: 1031.468 Thread 0x000002e7ff148490 nmethod 23618 0x000002e787e83610 code [0x000002e787e837a0, 0x000002e787e83870]
Event: 1031.468 Thread 0x000002e7ff148490 23619       3       org.gradle.execution.plan.Node::getDependencyPredecessors (10 bytes)
Event: 1031.468 Thread 0x000002e7ff148490 nmethod 23619 0x000002e780867990 code [0x000002e780867b40, 0x000002e780867d10]
Event: 1031.468 Thread 0x000002e7ff148490 23620       1       org.gradle.execution.plan.TaskNode::getFinalizingSuccessors (5 bytes)
Event: 1031.468 Thread 0x000002e7ff148490 nmethod 23620 0x000002e787e97990 code [0x000002e787e97b20, 0x000002e787e97be8]
Event: 1031.468 Thread 0x000002e7ff148490 23621       3       org.gradle.execution.plan.Node::maybeInheritGroupAsFinalizerDependency (39 bytes)
Event: 1031.468 Thread 0x000002e7ff148490 nmethod 23621 0x000002e781a6c790 code [0x000002e781a6c980, 0x000002e781a6ce68]
Event: 1031.468 Thread 0x000002e7ff148490 23622       3       com.google.common.collect.AbstractMapBasedMultimap$AsMap::get (6 bytes)
Event: 1031.469 Thread 0x000002e7ff148490 nmethod 23622 0x000002e7805dcb90 code [0x000002e7805dcd40, 0x000002e7805dce98]
Event: 1031.469 Thread 0x000002e7ff148490 23623       3       com.google.common.collect.AbstractMapBasedMultimap$AsMap::get (30 bytes)
Event: 1031.469 Thread 0x000002e7ff148490 nmethod 23623 0x000002e7807eba10 code [0x000002e7807ebc20, 0x000002e7807ec210]
Event: 1031.469 Thread 0x000002e7ff148490 23624   !   3       com.google.common.collect.Maps::safeGet (16 bytes)
Event: 1031.469 Thread 0x000002e7ff148490 nmethod 23624 0x000002e780a95310 code [0x000002e780a954e0, 0x000002e780a95838]
Event: 1031.469 Thread 0x000002e7ff148490 23625       3       com.google.common.collect.FluentIterable$3::iterator (17 bytes)
Event: 1031.470 Thread 0x000002e7ff148490 nmethod 23625 0x000002e781a61590 code [0x000002e781a617c0, 0x000002e781a61ff8]
Event: 1031.470 Thread 0x000002e7ff148490 23626       3       com.google.common.collect.FluentIterable$3$1::<init> (11 bytes)

GC Heap History (20 events):
Event: 663.155 GC heap before
{Heap before GC invocations=91 (full 0):
 garbage-first heap   total 509952K, used 170062K [0x0000000080000000, 0x0000000100000000)
  region size 1024K, 24 young (24576K), 2 survivors (2048K)
 Metaspace       used 161832K, committed 164480K, reserved 1245184K
  class space    used 22614K, committed 23872K, reserved 1048576K
}
Event: 663.157 GC heap after
{Heap after GC invocations=92 (full 0):
 garbage-first heap   total 509952K, used 147489K [0x0000000080000000, 0x0000000100000000)
  region size 1024K, 2 young (2048K), 2 survivors (2048K)
 Metaspace       used 161832K, committed 164480K, reserved 1245184K
  class space    used 22614K, committed 23872K, reserved 1048576K
}
Event: 683.156 GC heap before
{Heap before GC invocations=92 (full 0):
 garbage-first heap   total 509952K, used 170017K [0x0000000080000000, 0x0000000100000000)
  region size 1024K, 24 young (24576K), 2 survivors (2048K)
 Metaspace       used 161832K, committed 164480K, reserved 1245184K
  class space    used 22614K, committed 23872K, reserved 1048576K
}
Event: 683.159 GC heap after
{Heap after GC invocations=93 (full 0):
 garbage-first heap   total 509952K, used 147439K [0x0000000080000000, 0x0000000100000000)
  region size 1024K, 2 young (2048K), 2 survivors (2048K)
 Metaspace       used 161832K, committed 164480K, reserved 1245184K
  class space    used 22614K, committed 23872K, reserved 1048576K
}
Event: 698.139 GC heap before
{Heap before GC invocations=93 (full 0):
 garbage-first heap   total 509952K, used 174063K [0x0000000080000000, 0x0000000100000000)
  region size 1024K, 28 young (28672K), 2 survivors (2048K)
 Metaspace       used 161855K, committed 164480K, reserved 1245184K
  class space    used 22616K, committed 23872K, reserved 1048576K
}
Event: 698.145 GC heap after
{Heap after GC invocations=94 (full 0):
 garbage-first heap   total 509952K, used 147816K [0x0000000080000000, 0x0000000100000000)
  region size 1024K, 2 young (2048K), 2 survivors (2048K)
 Metaspace       used 161855K, committed 164480K, reserved 1245184K
  class space    used 22616K, committed 23872K, reserved 1048576K
}
Event: 700.280 GC heap before
{Heap before GC invocations=94 (full 0):
 garbage-first heap   total 509952K, used 275816K [0x0000000080000000, 0x0000000100000000)
  region size 1024K, 128 young (131072K), 2 survivors (2048K)
 Metaspace       used 162383K, committed 164928K, reserved 1245184K
  class space    used 22623K, committed 23872K, reserved 1048576K
}
Event: 700.293 GC heap after
{Heap after GC invocations=95 (full 0):
 garbage-first heap   total 509952K, used 158343K [0x0000000080000000, 0x0000000100000000)
  region size 1024K, 12 young (12288K), 12 survivors (12288K)
 Metaspace       used 162383K, committed 164928K, reserved 1245184K
  class space    used 22623K, committed 23872K, reserved 1048576K
}
Event: 700.525 GC heap before
{Heap before GC invocations=95 (full 0):
 garbage-first heap   total 509952K, used 170631K [0x0000000080000000, 0x0000000100000000)
  region size 1024K, 24 young (24576K), 12 survivors (12288K)
 Metaspace       used 162429K, committed 164992K, reserved 1245184K
  class space    used 22623K, committed 23872K, reserved 1048576K
}
Event: 700.589 GC heap after
{Heap after GC invocations=96 (full 0):
 garbage-first heap   total 509952K, used 160006K [0x0000000080000000, 0x0000000100000000)
  region size 1024K, 2 young (2048K), 2 survivors (2048K)
 Metaspace       used 162429K, committed 164992K, reserved 1245184K
  class space    used 22623K, committed 23872K, reserved 1048576K
}
Event: 707.339 GC heap before
{Heap before GC invocations=96 (full 0):
 garbage-first heap   total 509952K, used 195846K [0x0000000080000000, 0x0000000100000000)
  region size 1024K, 37 young (37888K), 2 survivors (2048K)
 Metaspace       used 162523K, committed 165120K, reserved 1245184K
  class space    used 22623K, committed 23872K, reserved 1048576K
}
Event: 707.346 GC heap after
{Heap after GC invocations=97 (full 0):
 garbage-first heap   total 509952K, used 161213K [0x0000000080000000, 0x0000000100000000)
  region size 1024K, 3 young (3072K), 3 survivors (3072K)
 Metaspace       used 162523K, committed 165120K, reserved 1245184K
  class space    used 22623K, committed 23872K, reserved 1048576K
}
Event: 707.758 GC heap before
{Heap before GC invocations=97 (full 0):
 garbage-first heap   total 509952K, used 196029K [0x0000000080000000, 0x0000000100000000)
  region size 1024K, 38 young (38912K), 3 survivors (3072K)
 Metaspace       used 162675K, committed 165312K, reserved 1245184K
  class space    used 22624K, committed 23872K, reserved 1048576K
}
Event: 707.792 GC heap after
{Heap after GC invocations=98 (full 0):
 garbage-first heap   total 509952K, used 162498K [0x0000000080000000, 0x0000000100000000)
  region size 1024K, 5 young (5120K), 5 survivors (5120K)
 Metaspace       used 162675K, committed 165312K, reserved 1245184K
  class space    used 22624K, committed 23872K, reserved 1048576K
}
Event: 708.179 GC heap before
{Heap before GC invocations=98 (full 0):
 garbage-first heap   total 509952K, used 193218K [0x0000000080000000, 0x0000000100000000)
  region size 1024K, 36 young (36864K), 5 survivors (5120K)
 Metaspace       used 162813K, committed 165440K, reserved 1245184K
  class space    used 22624K, committed 23872K, reserved 1048576K
}
Event: 708.199 GC heap after
{Heap after GC invocations=99 (full 0):
 garbage-first heap   total 509952K, used 162170K [0x0000000080000000, 0x0000000100000000)
  region size 1024K, 2 young (2048K), 2 survivors (2048K)
 Metaspace       used 162813K, committed 165440K, reserved 1245184K
  class space    used 22624K, committed 23872K, reserved 1048576K
}
Event: 733.176 GC heap before
{Heap before GC invocations=100 (full 0):
 garbage-first heap   total 509952K, used 281978K [0x0000000080000000, 0x0000000100000000)
  region size 1024K, 84 young (86016K), 2 survivors (2048K)
 Metaspace       used 162909K, committed 165568K, reserved 1245184K
  class space    used 22617K, committed 23872K, reserved 1048576K
}
Event: 733.180 GC heap after
{Heap after GC invocations=101 (full 0):
 garbage-first heap   total 509952K, used 161546K [0x0000000080000000, 0x0000000100000000)
  region size 1024K, 1 young (1024K), 1 survivors (1024K)
 Metaspace       used 162909K, committed 165568K, reserved 1245184K
  class space    used 22617K, committed 23872K, reserved 1048576K
}
Event: 1013.820 GC heap before
{Heap before GC invocations=101 (full 0):
 garbage-first heap   total 509952K, used 465674K [0x0000000080000000, 0x0000000100000000)
  region size 1024K, 298 young (305152K), 1 survivors (1024K)
 Metaspace       used 162920K, committed 165568K, reserved 1245184K
  class space    used 22617K, committed 23872K, reserved 1048576K
}
Event: 1013.863 GC heap after
{Heap after GC invocations=102 (full 0):
 garbage-first heap   total 509952K, used 157255K [0x0000000080000000, 0x0000000100000000)
  region size 1024K, 1 young (1024K), 1 survivors (1024K)
 Metaspace       used 162920K, committed 165568K, reserved 1245184K
  class space    used 22617K, committed 23872K, reserved 1048576K
}

Dll operation events (3 events):
Event: 0.014 Loaded shared library C:\Program Files\Android\Android Studio\jbr\bin\java.dll
Event: 0.021 Loaded shared library C:\Program Files\Android\Android Studio\jbr\bin\zip.dll
Event: 1.181 Loaded shared library C:\Program Files\Android\Android Studio\jbr\bin\verify.dll

Deoptimization events (20 events):
Event: 1031.199 Thread 0x000002e79ca85be0 Uncommon trap: trap_request=0xffffff76 fr.pc=0x000002e787c4fc54 relative=0x0000000000000ed4
Event: 1031.199 Thread 0x000002e79ca85be0 Uncommon trap: reason=predicate action=maybe_recompile pc=0x000002e787c4fc54 method=com.google.common.collect.RegularImmutableMap.fromEntryArrayCheckingBucketOverflow(I[Ljava/util/Map$Entry;Z)Lcom/google/common/collect/ImmutableMap; @ 50 c2
Event: 1031.199 Thread 0x000002e79ca85be0 DEOPT PACKING pc=0x000002e787c4fc54 sp=0x000000ff4e6f8fe0
Event: 1031.199 Thread 0x000002e79ca85be0 DEOPT UNPACKING pc=0x000002e7875843a2 sp=0x000000ff4e6f8f88 mode 2
Event: 1031.269 Thread 0x000002e79ca85be0 Uncommon trap: trap_request=0xffffffd6 fr.pc=0x000002e7881ec274 relative=0x0000000000000cf4
Event: 1031.269 Thread 0x000002e79ca85be0 Uncommon trap: reason=array_check action=maybe_recompile pc=0x000002e7881ec274 method=com.google.common.collect.RegularImmutableMap.fromEntryArrayCheckingBucketOverflow(I[Ljava/util/Map$Entry;Z)Lcom/google/common/collect/ImmutableMap; @ 220 c2
Event: 1031.269 Thread 0x000002e79ca85be0 DEOPT PACKING pc=0x000002e7881ec274 sp=0x000000ff4e6f9090
Event: 1031.269 Thread 0x000002e79ca85be0 DEOPT UNPACKING pc=0x000002e7875843a2 sp=0x000000ff4e6f9038 mode 2
Event: 1031.269 Thread 0x000002e79ca85be0 Uncommon trap: trap_request=0xffffffd6 fr.pc=0x000002e7881ec274 relative=0x0000000000000cf4
Event: 1031.269 Thread 0x000002e79ca85be0 Uncommon trap: reason=array_check action=maybe_recompile pc=0x000002e7881ec274 method=com.google.common.collect.RegularImmutableMap.fromEntryArrayCheckingBucketOverflow(I[Ljava/util/Map$Entry;Z)Lcom/google/common/collect/ImmutableMap; @ 220 c2
Event: 1031.269 Thread 0x000002e79ca85be0 DEOPT PACKING pc=0x000002e7881ec274 sp=0x000000ff4e6f9090
Event: 1031.270 Thread 0x000002e79ca85be0 DEOPT UNPACKING pc=0x000002e7875843a2 sp=0x000000ff4e6f9038 mode 2
Event: 1031.271 Thread 0x000002e79ca85be0 Uncommon trap: trap_request=0xffffffd6 fr.pc=0x000002e7881ec274 relative=0x0000000000000cf4
Event: 1031.271 Thread 0x000002e79ca85be0 Uncommon trap: reason=array_check action=maybe_recompile pc=0x000002e7881ec274 method=com.google.common.collect.RegularImmutableMap.fromEntryArrayCheckingBucketOverflow(I[Ljava/util/Map$Entry;Z)Lcom/google/common/collect/ImmutableMap; @ 220 c2
Event: 1031.271 Thread 0x000002e79ca85be0 DEOPT PACKING pc=0x000002e7881ec274 sp=0x000000ff4e6f8eb0
Event: 1031.271 Thread 0x000002e79ca85be0 DEOPT UNPACKING pc=0x000002e7875843a2 sp=0x000000ff4e6f8e58 mode 2
Event: 1031.274 Thread 0x000002e79ca85be0 Uncommon trap: trap_request=0xffffffd6 fr.pc=0x000002e7881ec274 relative=0x0000000000000cf4
Event: 1031.274 Thread 0x000002e79ca85be0 Uncommon trap: reason=array_check action=maybe_recompile pc=0x000002e7881ec274 method=com.google.common.collect.RegularImmutableMap.fromEntryArrayCheckingBucketOverflow(I[Ljava/util/Map$Entry;Z)Lcom/google/common/collect/ImmutableMap; @ 220 c2
Event: 1031.274 Thread 0x000002e79ca85be0 DEOPT PACKING pc=0x000002e7881ec274 sp=0x000000ff4e6f9220
Event: 1031.274 Thread 0x000002e79ca85be0 DEOPT UNPACKING pc=0x000002e7875843a2 sp=0x000000ff4e6f91c8 mode 2

Classes loaded (20 events):
Event: 59.748 Loading class java/nio/file/SimpleFileVisitor
Event: 59.748 Loading class java/nio/file/SimpleFileVisitor done
Event: 59.927 Loading class java/util/concurrent/CompletableFuture$AsyncRun
Event: 59.927 Loading class java/util/concurrent/CompletableFuture$AsyncRun done
Event: 61.429 Loading class java/lang/StackStreamFactory
Event: 61.431 Loading class java/lang/StackStreamFactory done
Event: 61.431 Loading class java/lang/StackWalker$ExtendedOption
Event: 61.431 Loading class java/lang/StackWalker$ExtendedOption done
Event: 61.431 Loading class java/lang/StackStreamFactory$StackFrameTraverser
Event: 61.432 Loading class java/lang/StackStreamFactory$StackFrameTraverser done
Event: 61.433 Loading class java/lang/StackStreamFactory$WalkerState
Event: 61.433 Loading class java/lang/StackStreamFactory$WalkerState done
Event: 61.433 Loading class java/lang/StackStreamFactory$StackFrameTraverser$StackFrameBuffer
Event: 61.434 Loading class java/lang/StackStreamFactory$FrameBuffer
Event: 61.434 Loading class java/lang/StackStreamFactory$FrameBuffer done
Event: 61.435 Loading class java/lang/StackStreamFactory$StackFrameTraverser$StackFrameBuffer done
Event: 61.436 Loading class java/util/logging/LogRecord
Event: 61.437 Loading class java/util/logging/LogRecord done
Event: 697.929 Loading class jdk/internal/math/FormattedFPDecimal
Event: 697.938 Loading class jdk/internal/math/FormattedFPDecimal done

Classes unloaded (17 events):
Event: 708.994 Thread 0x000002e7fef2d350 Unloading class 0x0000000101658400 'java/lang/invoke/LambdaForm$DMH+0x0000000101658400'
Event: 708.995 Thread 0x000002e7fef2d350 Unloading class 0x0000000101658800 'java/lang/invoke/LambdaForm$DMH+0x0000000101658800'
Event: 708.995 Thread 0x000002e7fef2d350 Unloading class 0x0000000101594400 'java/lang/invoke/LambdaForm$DMH+0x0000000101594400'
Event: 708.995 Thread 0x000002e7fef2d350 Unloading class 0x0000000101505c00 'java/lang/invoke/LambdaForm$MH+0x0000000101505c00'
Event: 708.995 Thread 0x000002e7fef2d350 Unloading class 0x0000000101505400 'java/lang/invoke/LambdaForm$DMH+0x0000000101505400'
Event: 708.995 Thread 0x000002e7fef2d350 Unloading class 0x0000000101504c00 'java/lang/invoke/LambdaForm$DMH+0x0000000101504c00'
Event: 708.995 Thread 0x000002e7fef2d350 Unloading class 0x0000000101504400 'java/lang/invoke/LambdaForm$DMH+0x0000000101504400'
Event: 708.995 Thread 0x000002e7fef2d350 Unloading class 0x00000001014dc800 'java/lang/invoke/LambdaForm$DMH+0x00000001014dc800'
Event: 708.995 Thread 0x000002e7fef2d350 Unloading class 0x00000001014dc000 'java/lang/invoke/LambdaForm$DMH+0x00000001014dc000'
Event: 708.995 Thread 0x000002e7fef2d350 Unloading class 0x00000001014dc400 'java/lang/invoke/LambdaForm$DMH+0x00000001014dc400'
Event: 708.995 Thread 0x000002e7fef2d350 Unloading class 0x0000000101430000 'java/lang/invoke/LambdaForm$DMH+0x0000000101430000'
Event: 708.995 Thread 0x000002e7fef2d350 Unloading class 0x0000000101430c00 'java/lang/invoke/LambdaForm$DMH+0x0000000101430c00'
Event: 708.995 Thread 0x000002e7fef2d350 Unloading class 0x0000000101430800 'java/lang/invoke/LambdaForm$DMH+0x0000000101430800'
Event: 708.995 Thread 0x000002e7fef2d350 Unloading class 0x0000000101338c00 'jdk/internal/reflect/GeneratedSerializationConstructorAccessor187'
Event: 708.995 Thread 0x000002e7fef2d350 Unloading class 0x0000000101338000 'jdk/internal/reflect/GeneratedSerializationConstructorAccessor185'
Event: 708.995 Thread 0x000002e7fef2d350 Unloading class 0x0000000101338400 'jdk/internal/reflect/GeneratedSerializationConstructorAccessor184'
Event: 708.995 Thread 0x000002e7fef2d350 Unloading class 0x0000000101004000 'java/lang/invoke/LambdaForm$MH+0x0000000101004000'

Classes redefined (0 events):
No events

Internal exceptions (20 events):
Event: 1031.216 Thread 0x000002e79ca85be0 Exception <a 'sun/nio/fs/WindowsException'{0x00000000983ed830}> (0x00000000983ed830) 
thrown [s\src\hotspot\share\prims\jni.cpp, line 537]
Event: 1031.249 Thread 0x000002e79ca85be0 Exception <a 'sun/nio/fs/WindowsException'{0x00000000982dfbd0}> (0x00000000982dfbd0) 
thrown [s\src\hotspot\share\prims\jni.cpp, line 537]
Event: 1031.251 Thread 0x000002e79ca85be0 Exception <a 'sun/nio/fs/WindowsException'{0x00000000982e2078}> (0x00000000982e2078) 
thrown [s\src\hotspot\share\prims\jni.cpp, line 537]
Event: 1031.251 Thread 0x000002e79ca85be0 Exception <a 'sun/nio/fs/WindowsException'{0x00000000982e44f0}> (0x00000000982e44f0) 
thrown [s\src\hotspot\share\prims\jni.cpp, line 537]
Event: 1031.265 Thread 0x000002e79ca85be0 Exception <a 'sun/nio/fs/WindowsException'{0x0000000098125ef0}> (0x0000000098125ef0) 
thrown [s\src\hotspot\share\prims\jni.cpp, line 537]
Event: 1031.265 Thread 0x000002e79ca85be0 Exception <a 'sun/nio/fs/WindowsException'{0x00000000981281a0}> (0x00000000981281a0) 
thrown [s\src\hotspot\share\prims\jni.cpp, line 537]
Event: 1031.266 Thread 0x000002e79ca85be0 Exception <a 'sun/nio/fs/WindowsException'{0x000000009812f658}> (0x000000009812f658) 
thrown [s\src\hotspot\share\prims\jni.cpp, line 537]
Event: 1031.266 Thread 0x000002e79ca85be0 Exception <a 'sun/nio/fs/WindowsException'{0x0000000098131908}> (0x0000000098131908) 
thrown [s\src\hotspot\share\prims\jni.cpp, line 537]
Event: 1031.266 Thread 0x000002e79ca85be0 Exception <a 'sun/nio/fs/WindowsException'{0x0000000098138be0}> (0x0000000098138be0) 
thrown [s\src\hotspot\share\prims\jni.cpp, line 537]
Event: 1031.267 Thread 0x000002e79ca85be0 Exception <a 'sun/nio/fs/WindowsException'{0x000000009813ae90}> (0x000000009813ae90) 
thrown [s\src\hotspot\share\prims\jni.cpp, line 537]
Event: 1031.389 Thread 0x000002e79ca85be0 Exception <a 'sun/nio/fs/WindowsException'{0x0000000097c4d3a0}> (0x0000000097c4d3a0) 
thrown [s\src\hotspot\share\prims\jni.cpp, line 537]
Event: 1031.392 Thread 0x000002e79ca85be0 Exception <a 'sun/nio/fs/WindowsException'{0x0000000097c51ee8}> (0x0000000097c51ee8) 
thrown [s\src\hotspot\share\prims\jni.cpp, line 537]
Event: 1031.392 Thread 0x000002e79ca85be0 Exception <a 'sun/nio/fs/WindowsException'{0x0000000097c534d8}> (0x0000000097c534d8) 
thrown [s\src\hotspot\share\prims\jni.cpp, line 537]
Event: 1031.392 Thread 0x000002e79ca85be0 Exception <a 'sun/nio/fs/WindowsException'{0x0000000097c54b18}> (0x0000000097c54b18) 
thrown [s\src\hotspot\share\prims\jni.cpp, line 537]
Event: 1031.393 Thread 0x000002e79ca85be0 Exception <a 'sun/nio/fs/WindowsException'{0x0000000097c56158}> (0x0000000097c56158) 
thrown [s\src\hotspot\share\prims\jni.cpp, line 537]
Event: 1031.395 Thread 0x000002e79ca85be0 Exception <a 'sun/nio/fs/WindowsException'{0x0000000097c5dd78}> (0x0000000097c5dd78) 
thrown [s\src\hotspot\share\prims\jni.cpp, line 537]
Event: 1031.396 Thread 0x000002e79ca85be0 Exception <a 'sun/nio/fs/WindowsException'{0x0000000097c5f4a8}> (0x0000000097c5f4a8) 
thrown [s\src\hotspot\share\prims\jni.cpp, line 537]
Event: 1031.397 Thread 0x000002e79ca85be0 Exception <a 'sun/nio/fs/WindowsException'{0x0000000097c61440}> (0x0000000097c61440) 
thrown [s\src\hotspot\share\prims\jni.cpp, line 537]
Event: 1031.397 Thread 0x000002e79ca85be0 Exception <a 'sun/nio/fs/WindowsException'{0x0000000097c62bd0}> (0x0000000097c62bd0) 
thrown [s\src\hotspot\share\prims\jni.cpp, line 537]
Event: 1031.431 Thread 0x000002e79ca85be0 Exception <a 'sun/nio/fs/WindowsException'{0x0000000097b379f8}> (0x0000000097b379f8) 
thrown [s\src\hotspot\share\prims\jni.cpp, line 537]

ZGC Phase Switch (0 events):
No events

VM Operations (20 events):
Event: 781.517 Executing non-safepoint VM operation: HandshakeAllThreads (HandshakeForDeflation)
Event: 781.518 Executing non-safepoint VM operation: HandshakeAllThreads (HandshakeForDeflation) done
Event: 781.518 Executing non-safepoint VM operation: RendezvousGCThreads
Event: 781.518 Executing non-safepoint VM operation: RendezvousGCThreads done
Event: 812.526 Executing safepoint VM operation: Cleanup
Event: 812.526 Executing safepoint VM operation: Cleanup done
Event: 913.556 Executing safepoint VM operation: Cleanup
Event: 913.615 Executing safepoint VM operation: Cleanup done
Event: 932.627 Executing safepoint VM operation: Cleanup
Event: 932.627 Executing safepoint VM operation: Cleanup done
Event: 981.655 Executing safepoint VM operation: Cleanup
Event: 981.655 Executing safepoint VM operation: Cleanup done
Event: 1013.820 Executing safepoint VM operation: G1CollectForAllocation (G1 Evacuation Pause)
Event: 1013.863 Executing safepoint VM operation: G1CollectForAllocation (G1 Evacuation Pause) done
Event: 1029.871 Executing safepoint VM operation: Cleanup
Event: 1029.871 Executing safepoint VM operation: Cleanup done
Event: 1030.872 Executing safepoint VM operation: Cleanup
Event: 1030.872 Executing safepoint VM operation: Cleanup done
Event: 1031.452 Executing safepoint VM operation: ICBufferFull
Event: 1031.453 Executing safepoint VM operation: ICBufferFull done

Memory protections (0 events):
No events

Nmethod flushes (20 events):
Event: 709.487 Thread 0x000002e7fef2d350 flushing  nmethod 0x000002e781c6a690
Event: 709.487 Thread 0x000002e7fef2d350 flushing  nmethod 0x000002e781c6aa90
Event: 709.487 Thread 0x000002e7fef2d350 flushing  nmethod 0x000002e781c6b190
Event: 709.487 Thread 0x000002e7fef2d350 flushing  nmethod 0x000002e781c6be90
Event: 709.487 Thread 0x000002e7fef2d350 flushing  nmethod 0x000002e781c6c290
Event: 709.487 Thread 0x000002e7fef2d350 flushing  nmethod 0x000002e781c6cc10
Event: 709.487 Thread 0x000002e7fef2d350 flushing  nmethod 0x000002e781c6d210
Event: 709.487 Thread 0x000002e7fef2d350 flushing  nmethod 0x000002e781c8f810
Event: 709.487 Thread 0x000002e7fef2d350 flushing  nmethod 0x000002e781c8fc90
Event: 709.487 Thread 0x000002e7fef2d350 flushing  nmethod 0x000002e781c93d90
Event: 709.487 Thread 0x000002e7fef2d350 flushing  nmethod 0x000002e781c94890
Event: 709.487 Thread 0x000002e7fef2d350 flushing  nmethod 0x000002e781c94f10
Event: 709.487 Thread 0x000002e7fef2d350 flushing  nmethod 0x000002e781c9e090
Event: 709.487 Thread 0x000002e7fef2d350 flushing  nmethod 0x000002e781c9ea90
Event: 709.487 Thread 0x000002e7fef2d350 flushing  nmethod 0x000002e781c9f910
Event: 709.487 Thread 0x000002e7fef2d350 flushing  nmethod 0x000002e781ca0210
Event: 709.487 Thread 0x000002e7fef2d350 flushing  nmethod 0x000002e781ca2210
Event: 709.487 Thread 0x000002e7fef2d350 flushing  nmethod 0x000002e781cb5590
Event: 709.487 Thread 0x000002e7fef2d350 flushing  nmethod 0x000002e781da8690
Event: 709.487 Thread 0x000002e7fef2d350 flushing  nmethod 0x000002e781dde690

Events (20 events):
Event: 1030.238 Thread 0x000002e79ca85be0 Thread added: 0x000002e7999cd290
Event: 1030.349 Thread 0x000002e7ff148490 Thread added: 0x000002e79a5643b0
Event: 1030.392 Thread 0x000002e7ff148490 Thread added: 0x000002e79a564a80
Event: 1030.819 Thread 0x000002e79ca85be0 Thread added: 0x000002e7999ca4a0
Event: 1030.820 Thread 0x000002e79ca85be0 Thread added: 0x000002e7999c76b0
Event: 1030.820 Thread 0x000002e79ca85be0 Thread added: 0x000002e7999cd920
Event: 1030.821 Thread 0x000002e79ca85be0 Thread added: 0x000002e7999cb850
Event: 1030.821 Thread 0x000002e79ca85be0 Thread added: 0x000002e7999cb1c0
Event: 1030.821 Thread 0x000002e79ca85be0 Thread added: 0x000002e7999cdfb0
Event: 1030.821 Thread 0x000002e79ca85be0 Thread added: 0x000002e7999ce640
Event: 1030.875 Thread 0x000002e79ca85be0 Thread added: 0x000002e7999cecd0
Event: 1030.876 Thread 0x000002e79ca85be0 Thread added: 0x000002e7999cf360
Event: 1030.876 Thread 0x000002e79ca85be0 Thread added: 0x000002e799cf6670
Event: 1030.876 Thread 0x000002e79ca85be0 Thread added: 0x000002e799cf5950
Event: 1030.876 Thread 0x000002e79ca85be0 Thread added: 0x000002e799cf6d00
Event: 1030.877 Thread 0x000002e79ca85be0 Thread added: 0x000002e799cf45a0
Event: 1030.878 Thread 0x000002e79ca85be0 Thread added: 0x000002e799cf7a20
Event: 1030.990 Thread 0x000002e79ca85be0 Thread added: 0x000002e799cf1e40
Event: 1031.068 Thread 0x000002e79ca85be0 Thread added: 0x000002e799cf80b0
Event: 1031.272 Thread 0x000002e79a564a80 Thread exited: 0x000002e79a564a80


Dynamic libraries:
0x00007ff75b760000 - 0x00007ff75b76a000 	C:\Program Files\Android\Android Studio\jbr\bin\java.exe
0x00007ffc14df0000 - 0x00007ffc14fe8000 	C:\Windows\SYSTEM32\ntdll.dll
0x00007ffc14bb0000 - 0x00007ffc14c72000 	C:\Windows\System32\KERNEL32.DLL
0x00007ffc12480000 - 0x00007ffc12776000 	C:\Windows\System32\KERNELBASE.dll
0x00007ffc12bb0000 - 0x00007ffc12cb0000 	C:\Windows\System32\ucrtbase.dll
0x00007ffbfd000000 - 0x00007ffbfd01b000 	C:\Program Files\Android\Android Studio\jbr\bin\VCRUNTIME140.dll
0x00007ffb66970000 - 0x00007ffb66988000 	C:\Program Files\Android\Android Studio\jbr\bin\jli.dll
0x00007ffc12e10000 - 0x00007ffc12fb1000 	C:\Windows\System32\USER32.dll
0x00007ffc12d60000 - 0x00007ffc12d82000 	C:\Windows\System32\win32u.dll
0x00007ffc05350000 - 0x00007ffc055eb000 	C:\Windows\WinSxS\amd64_microsoft.windows.common-controls_6595b64144ccf1df_6.0.19041.6456_none_60b8a6cb71f64256\COMCTL32.dll
0x00007ffc14b20000 - 0x00007ffc14b4b000 	C:\Windows\System32\GDI32.dll
0x00007ffc13bd0000 - 0x00007ffc13c6e000 	C:\Windows\System32\msvcrt.dll
0x00007ffc12800000 - 0x00007ffc12919000 	C:\Windows\System32\gdi32full.dll
0x00007ffc12a80000 - 0x00007ffc12b1d000 	C:\Windows\System32\msvcp_win.dll
0x00007ffc140e0000 - 0x00007ffc1410f000 	C:\Windows\System32\IMM32.DLL
0x00007ffc0d1c0000 - 0x00007ffc0d1cc000 	C:\Program Files\Android\Android Studio\jbr\bin\vcruntime140_1.dll
0x00007ffb54b00000 - 0x00007ffb54b8d000 	C:\Program Files\Android\Android Studio\jbr\bin\msvcp140.dll
0x00007ffbc0950000 - 0x00007ffbc15e6000 	C:\Program Files\Android\Android Studio\jbr\bin\server\jvm.dll
0x00007ffc14cf0000 - 0x00007ffc14da1000 	C:\Windows\System32\ADVAPI32.dll
0x00007ffc137d0000 - 0x00007ffc1386f000 	C:\Windows\System32\sechost.dll
0x00007ffc14a00000 - 0x00007ffc14b20000 	C:\Windows\System32\RPCRT4.dll
0x00007ffc127d0000 - 0x00007ffc127f7000 	C:\Windows\System32\bcrypt.dll
0x00007ffc14c80000 - 0x00007ffc14ceb000 	C:\Windows\System32\WS2_32.dll
0x00007ffc119c0000 - 0x00007ffc11a0b000 	C:\Windows\SYSTEM32\POWRPROF.dll
0x00007ffc09a40000 - 0x00007ffc09a67000 	C:\Windows\SYSTEM32\WINMM.dll
0x00007ffc0bda0000 - 0x00007ffc0bdaa000 	C:\Windows\SYSTEM32\VERSION.dll
0x00007ffc11880000 - 0x00007ffc11892000 	C:\Windows\SYSTEM32\UMPDC.dll
0x00007ffc10310000 - 0x00007ffc10322000 	C:\Windows\SYSTEM32\kernel.appcore.dll
0x00007ffc0ce80000 - 0x00007ffc0ce8a000 	C:\Program Files\Android\Android Studio\jbr\bin\jimage.dll
0x00007ffc069b0000 - 0x00007ffc06bb1000 	C:\Windows\SYSTEM32\DBGHELP.DLL
0x00007ffc013d0000 - 0x00007ffc01404000 	C:\Windows\SYSTEM32\dbgcore.DLL
0x00007ffc12b20000 - 0x00007ffc12ba2000 	C:\Windows\System32\bcryptPrimitives.dll
0x00007ffbed5d0000 - 0x00007ffbed5de000 	C:\Program Files\Android\Android Studio\jbr\bin\instrument.dll
0x00007ffbfaf20000 - 0x00007ffbfaf40000 	C:\Program Files\Android\Android Studio\jbr\bin\java.dll
0x00007ffbfad10000 - 0x00007ffbfad28000 	C:\Program Files\Android\Android Studio\jbr\bin\zip.dll
0x00007ffc14290000 - 0x00007ffc14a00000 	C:\Windows\System32\SHELL32.dll
0x00007ffc10510000 - 0x00007ffc10cb5000 	C:\Windows\SYSTEM32\windows.storage.dll
0x00007ffc13870000 - 0x00007ffc13bc4000 	C:\Windows\System32\combase.dll
0x00007ffc11eb0000 - 0x00007ffc11edb000 	C:\Windows\SYSTEM32\Wldp.dll
0x00007ffc13560000 - 0x00007ffc1362d000 	C:\Windows\System32\OLEAUT32.dll
0x00007ffc131d0000 - 0x00007ffc1327d000 	C:\Windows\System32\SHCORE.dll
0x00007ffc12fc0000 - 0x00007ffc1301b000 	C:\Windows\System32\shlwapi.dll
0x00007ffc123b0000 - 0x00007ffc123d4000 	C:\Windows\SYSTEM32\profapi.dll
0x00007ffc0c3e0000 - 0x00007ffc0c3f0000 	C:\Program Files\Android\Android Studio\jbr\bin\net.dll
0x00007ffc0bfe0000 - 0x00007ffc0c0ea000 	C:\Windows\SYSTEM32\WINHTTP.dll
0x00007ffc11c10000 - 0x00007ffc11c7a000 	C:\Windows\system32\mswsock.dll
0x00007ffbfacf0000 - 0x00007ffbfad06000 	C:\Program Files\Android\Android Studio\jbr\bin\nio.dll
0x00007ffc0b050000 - 0x00007ffc0b060000 	C:\Program Files\Android\Android Studio\jbr\bin\verify.dll
0x00007ffb54b90000 - 0x00007ffb54bb7000 	C:\Users\breno\scoop\apps\gradle\current\.gradle\native\660c5614fbf4a5f2a75b1949f50a0caf5cd603558e7d8a26e50b933a0cfb79d1\windows-amd64\native-platform.dll
0x00007ffb54770000 - 0x00007ffb547e7000 	C:\Users\breno\scoop\apps\gradle\current\.gradle\native\0.2.8\x86_64-windows-gnu\gradle-fileevents.dll
0x00007ffc004d0000 - 0x00007ffc004d9000 	C:\Program Files\Android\Android Studio\jbr\bin\management.dll
0x00007ffbfeec0000 - 0x00007ffbfeecb000 	C:\Program Files\Android\Android Studio\jbr\bin\management_ext.dll
0x00007ffc13540000 - 0x00007ffc13548000 	C:\Windows\System32\PSAPI.DLL
0x00007ffc118a0000 - 0x00007ffc118db000 	C:\Windows\SYSTEM32\IPHLPAPI.DLL
0x00007ffc13550000 - 0x00007ffc13558000 	C:\Windows\System32\NSI.dll
0x00007ffc01890000 - 0x00007ffc01899000 	C:\Program Files\Android\Android Studio\jbr\bin\extnet.dll
0x00007ffc11e10000 - 0x00007ffc11e28000 	C:\Windows\SYSTEM32\CRYPTSP.dll
0x00007ffc11450000 - 0x00007ffc11488000 	C:\Windows\system32\rsaenh.dll
0x00007ffc12330000 - 0x00007ffc1235e000 	C:\Windows\SYSTEM32\USERENV.dll
0x00007ffc11e00000 - 0x00007ffc11e0c000 	C:\Windows\SYSTEM32\CRYPTBASE.dll
0x00007ffc0b000000 - 0x00007ffc0b007000 	C:\Windows\system32\wshunix.dll
0x00007ffc118f0000 - 0x00007ffc119ba000 	C:\Windows\SYSTEM32\DNSAPI.dll
0x00007ffc0b060000 - 0x00007ffc0b06a000 	C:\Windows\System32\rasadhlp.dll
0x00007ffc0a7d0000 - 0x00007ffc0a850000 	C:\Windows\System32\fwpuclnt.dll
0x00007ffbed440000 - 0x00007ffbed447000 	C:\Program Files\Android\Android Studio\jbr\bin\rmi.dll

JVMTI agents:
C:\Users\breno\scoop\apps\gradle\current\.gradle\wrapper\dists\gradle-9.3.1-bin\23ovyewtku6u96viwx3xl3oks\gradle-9.3.1\lib\agents\gradle-instrumentation-agent-9.3.1.jar path:C:\Program Files\Android\Android Studio\jbr\bin\instrument.dll, loaded, initialized, instrumentlib options:none

dbghelp: loaded successfully - version: 4.0.5 - missing functions: none
symbol engine: initialized successfully - sym options: 0x614 - pdb path: .;C:\Program Files\Android\Android Studio\jbr\bin;C:\Windows\SYSTEM32;C:\Windows\WinSxS\amd64_microsoft.windows.common-controls_6595b64144ccf1df_6.0.19041.6456_none_60b8a6cb71f64256;C:\Program Files\Android\Android Studio\jbr\bin\server;C:\Users\breno\scoop\apps\gradle\current\.gradle\native\660c5614fbf4a5f2a75b1949f50a0caf5cd603558e7d8a26e50b933a0cfb79d1\windows-amd64;C:\Users\breno\scoop\apps\gradle\current\.gradle\native\0.2.8\x86_64-windows-gnu

VM Arguments:
jvm_args: --add-opens=java.base/java.lang=ALL-UNNAMED --add-opens=java.base/java.lang.invoke=ALL-UNNAMED --add-opens=java.base/java.util=ALL-UNNAMED --add-opens=java.prefs/java.util.prefs=ALL-UNNAMED --add-exports=jdk.compiler/com.sun.tools.javac.api=ALL-UNNAMED --add-exports=jdk.compiler/com.sun.tools.javac.util=ALL-UNNAMED --add-opens=java.base/java.util=ALL-UNNAMED --add-opens=java.prefs/java.util.prefs=ALL-UNNAMED --add-opens=java.base/java.nio.charset=ALL-UNNAMED --add-opens=java.base/java.net=ALL-UNNAMED --add-opens=java.base/java.util.concurrent=ALL-UNNAMED --add-opens=java.base/java.util.concurrent.atomic=ALL-UNNAMED --add-opens=java.xml/javax.xml.namespace=ALL-UNNAMED --add-opens=java.base/java.time=ALL-UNNAMED -Xmx2048m -Dfile.encoding=UTF-8 -Duser.country=BR -Duser.language=pt -Duser.variant -javaagent:C:\Users\breno\scoop\apps\gradle\current\.gradle\wrapper\dists\gradle-9.3.1-bin\23ovyewtku6u96viwx3xl3oks\gradle-9.3.1\lib\agents\gradle-instrumentation-agent-9.3.1.jar 
java_command: org.gradle.launcher.daemon.bootstrap.GradleDaemon 9.3.1
java_class_path (initial): C:\Users\breno\scoop\apps\gradle\current\.gradle\wrapper\dists\gradle-9.3.1-bin\23ovyewtku6u96viwx3xl3oks\gradle-9.3.1\lib\gradle-daemon-main-9.3.1.jar
Launcher Type: SUN_STANDARD

[Global flags]
     intx CICompilerCount                          = 4                                         {product} {ergonomic}
     uint ConcGCThreads                            = 2                                         {product} {ergonomic}
     uint G1ConcRefinementThreads                  = 8                                         {product} {ergonomic}
   size_t G1HeapRegionSize                         = 1048576                                   {product} {ergonomic}
    uintx GCDrainStackTargetSize                   = 64                                        {product} {ergonomic}
   size_t InitialHeapSize                          = 134217728                                 {product} {ergonomic}
   size_t MarkStackSize                            = 4194304                                   {product} {ergonomic}
   size_t MaxHeapSize                              = 2147483648                                {product} {command line}
   size_t MaxNewSize                               = 1287651328                                {product} {ergonomic}
   size_t MinHeapDeltaBytes                        = 1048576                                   {product} {ergonomic}
   size_t MinHeapSize                              = 8388608                                   {product} {ergonomic}
    uintx NonNMethodCodeHeapSize                   = 5839372                                {pd product} {ergonomic}
    uintx NonProfiledCodeHeapSize                  = 122909434                              {pd product} {ergonomic}
    uintx ProfiledCodeHeapSize                     = 122909434                              {pd product} {ergonomic}
    uintx ReservedCodeCacheSize                    = 251658240                              {pd product} {ergonomic}
     bool SegmentedCodeCache                       = true                                      {product} {ergonomic}
   size_t SoftMaxHeapSize                          = 2147483648                             {manageable} {ergonomic}
     bool UseCompressedOops                        = true                           {product lp64_product} {ergonomic}
     bool UseG1GC                                  = true                                      {product} {ergonomic}
     bool UseLargePagesIndividualAllocation        = false                                  {pd product} {ergonomic}

Logging:
Log output configuration:
 #0: stdout all=warning uptime,level,tags foldmultilines=false
 #1: stderr all=off uptime,level,tags foldmultilines=false

Release file:
JAVA_VERSION="21.0.10" 
MODULES="java.base java.compiler java.datatransfer java.xml java.prefs java.desktop java.instrument java.logging java.management java.security.sasl java.naming java.rmi java.management.rmi java.net.http java.scripting java.security.jgss java.transaction.xa java.sql java.sql.rowset java.xml.crypto java.se java.smartcardio jdk.accessibility jdk.internal.jvmstat jdk.attach jdk.charsets jdk.internal.opt jdk.zipfs jdk.compiler jdk.crypto.ec jdk.crypto.cryptoki jdk.dynalink jdk.hotspot.agent jdk.httpserver jdk.internal.ed jdk.internal.le jdk.internal.vm.ci jdk.jartool jdk.javadoc jdk.jcmd jdk.jdeps jdk.jdwp.agent jdk.jdi jdk.jfr jdk.jlink jdk.jsobject jdk.localedata jdk.management jdk.management.agent jdk.management.jfr jdk.naming.dns jdk.naming.rmi jdk.net jdk.sctp jdk.security.auth jdk.security.jgss jdk.unsupported jdk.unsupported.desktop jdk.xml.dom" 
IMPLEMENTOR="JetBrains s.r.o." 
JAVA_RUNTIME_VERSION="21.0.10+-14961533-b1163.108" 
LIBC="default" 
OS_ARCH="x86_64" 
OS_NAME="Windows" 
SOURCE=".:git:1351622c2ff2" 

Environment Variables:
PATH=C:\Program Files\Common Files\Oracle\Java\javapath;C:\Program Files (x86)\Common Files\Oracle\Java\java8path;C:\Program Files (x86)\Common Files\Oracle\Java\javapath;C:\Python312\Scripts\;C:\Python312\;C:\Windows\system32;C:\Windows;C:\Windows\System32\Wbem;C:\Windows\System32\WindowsPowerShell\v1.0\;C:\Windows\System32\OpenSSH\;C:\Program Files\nodejs\;C:\ProgramData\chocolatey\bin;C:\Program Files\Git\cmd;C:\Program Files (x86)\NVIDIA Corporation\PhysX\Common;C:\ProgramData\chocolatey\lib\maven\apache-maven-3.9.9\bin;C:\Users\breno\scoop\shims;C:\Users\breno\AppData\Local\Microsoft\WindowsApps;C:\Users\breno\AppData\Local\Programs\Microsoft VS Code\bin;C:\Users\breno\AppData\Roaming\npm;C:\ProgramData\breno\atom\bin;C:\Users\breno\AppData\Local\Programs\Zed\bin;C:\tools\dart-sdk\bin;C:\Users\breno\AppData\Local\Pub\Cache\bin;C:\Users\breno\flutter\bin
USERNAME=breno
OS=Windows_NT
PROCESSOR_IDENTIFIER=Intel64 Family 6 Model 58 Stepping 9, GenuineIntel
TMP=C:\Users\breno\AppData\Local\Temp
TEMP=C:\Users\breno\AppData\Local\Temp




Periodic native trim disabled

JNI global refs:
JNI global refs: 29, weak refs: 3

JNI global refs memory usage: 835, weak refs: 833

Process memory usage:
Resident Set Size: 747780K (8% of 8352464K total physical memory with 548720K free physical memory)

OOME stack traces (most recent first):
Classloader memory used:
Loader org.gradle.internal.classloader.VisitableURLClassLoader$InstrumentingVisitableURLClassLoader: 63015K
Loader org.gradle.internal.classloader.VisitableURLClassLoader                         : 49905K
Loader bootstrap                                                                       : 35066K
Loader org.gradle.initialization.MixInLegacyTypesClassLoader                           : 13542K
Loader jdk.internal.reflect.DelegatingClassLoader                                      : 708K
Loader jdk.internal.loader.ClassLoaders$PlatformClassLoader                            : 470K
Loader jdk.internal.loader.ClassLoaders$AppClassLoader                                 : 231K
Loader org.gradle.internal.classloader.VisitableURLClassLoader                         : 216K
Loader org.gradle.groovy.scripts.internal.DefaultScriptCompilationHandler$ScriptClassLoader: 127K
Loader sun.reflect.misc.MethodUtil                                                     : 2984B

Classes loaded by more than one classloader:
Class Program                                                                         : loaded 5 times (x 72B)
Class Build_gradle                                                                    : loaded 3 times (x 126B)
Class com.google.common.collect.RegularImmutableMap$KeySet                            : loaded 2 times (x 152B)
Class org.gradle.internal.classloader.FilteringClassLoader                            : loaded 2 times (x 105B)
Class com.google.common.base.CharMatcher$IsEither                                     : loaded 2 times (x 111B)
Class org.gradle.internal.classloader.ClassLoaderHierarchy                            : loaded 2 times (x 70B)
Class com.google.common.collect.ImmutableEnumSet                                      : loaded 2 times (x 146B)
Class com.google.common.util.concurrent.ExecutionError                                : loaded 2 times (x 82B)
Class com.google.common.collect.ImmutableList$1                                       : loaded 2 times (x 97B)
Class ijKotlinCoroutineJvmDebugInit1_9944wt7teiyq6lw8v67k619pp$_run_closure1$_closure2: loaded 2 times (x 139B)
Class org.gradle.api.internal.classpath.ManifestUtil                                  : loaded 2 times (x 71B)
Class com.google.common.io.ByteArrayDataOutput                                        : loaded 2 times (x 70B)
Class com.google.common.collect.RegularImmutableMap                                   : loaded 2 times (x 121B)
Class com.google.common.collect.ImmutableMap$MapViewOfValuesAsSingletonSets           : loaded 2 times (x 126B)
Class com.google.common.reflect.TypeCapture                                           : loaded 2 times (x 71B)
Class [Lorg.objectweb.asm.Symbol;                                                     : loaded 2 times (x 69B)
Class org.objectweb.asm.ClassVisitor                                                  : loaded 2 times (x 88B)
Class com.google.common.collect.UnmodifiableListIterator                              : loaded 2 times (x 95B)
Class com.google.common.base.Platform$JdkPatternCompiler                              : loaded 2 times (x 75B)
Class org.objectweb.asm.MethodTooLargeException                                       : loaded 2 times (x 83B)
Class [Lcom.google.common.cache.CacheBuilder$OneWeigher;                              : loaded 2 times (x 69B)
Class com.google.common.base.Suppliers                                                : loaded 2 times (x 71B)
Class org.gradle.internal.classloader.DefaultClassLoaderFactory                       : loaded 2 times (x 82B)
Class [Lcom.google.common.collect.AbstractIterator$State;                             : loaded 2 times (x 69B)
Class com.google.common.io.ByteSource$ConcatenatedByteSource                          : loaded 2 times (x 85B)
Class org.gradle.internal.classloader.ClassLoaderVisitor                              : loaded 2 times (x 76B)
Class [Lcom.google.common.collect.ImmutableMapEntry;                                  : loaded 2 times (x 69B)
Class org.gradle.api.internal.classpath.EffectiveClassPath                            : loaded 2 times (x 90B)
Class com.google.common.collect.CollectSpliterators$1WithCharacteristics              : loaded 2 times (x 90B)
Class com.google.common.collect.ImmutableRangeSet                                     : loaded 2 times (x 115B)
Class com.google.common.collect.ListMultimap                                          : loaded 2 times (x 70B)
Class com.google.common.collect.ImmutableEnumMap                                      : loaded 2 times (x 126B)
Class com.google.common.collect.ImmutableSet$SerializedForm                           : loaded 2 times (x 73B)
Class com.google.common.collect.Sets$1                                                : loaded 2 times (x 139B)
Class org.objectweb.asm.AnnotationVisitor                                             : loaded 2 times (x 78B)
Class org.gradle.api.internal.DefaultClassPathProvider                                : loaded 2 times (x 76B)
Class com.google.common.collect.Maps$ViewCachingAbstractMap                           : loaded 2 times (x 125B)
Class [Lcom.google.common.base.Function;                                              : loaded 2 times (x 69B)
Class com.google.common.collect.Sets$2                                                : loaded 2 times (x 139B)
Class [Lorg.gradle.api.internal.ClassPathProvider;                                    : loaded 2 times (x 69B)
Class org.gradle.api.internal.ClassPathProvider                                       : loaded 2 times (x 70B)
Class com.google.common.reflect.Types$ClassOwnership$1                                : loaded 2 times (x 80B)
Class [Lorg.objectweb.asm.AnnotationVisitor;                                          : loaded 2 times (x 69B)
Class com.google.common.collect.Sets$3                                                : loaded 2 times (x 139B)
Class com.google.common.cache.LocalCache$LocalLoadingCache                            : loaded 2 times (x 134B)
Class org.gradle.internal.service.UnknownServiceException                             : loaded 2 times (x 83B)
Class com.google.common.reflect.Types$ClassOwnership$2                                : loaded 2 times (x 80B)
Class com.google.common.reflect.TypeResolver                                          : loaded 2 times (x 72B)
Class com.google.common.io.ByteArrayDataInput                                         : loaded 2 times (x 70B)
Class com.google.common.collect.Sets$4                                                : loaded 2 times (x 139B)
Class org.objectweb.asm.ModuleVisitor                                                 : loaded 2 times (x 81B)
Class com.google.common.cache.LocalCache$Strength$1                                   : loaded 2 times (x 81B)
Class com.google.common.reflect.Types$ClassOwnership$3                                : loaded 2 times (x 71B)
Class com.google.common.collect.Collections2$FilteredCollection                       : loaded 2 times (x 119B)
Class com.google.common.util.concurrent.SettableFuture                                : loaded 2 times (x 114B)
Class com.google.common.cache.LocalCache$Strength$2                                   : loaded 2 times (x 81B)
Class com.google.common.collect.TransformedIterator                                   : loaded 2 times (x 80B)
Class [Lcom.google.common.collect.Maps$EntryFunction;                                 : loaded 2 times (x 69B)
Class com.google.common.io.ByteStreams                                                : loaded 2 times (x 71B)
Class com.google.common.cache.LocalCache$Strength$3                                   : loaded 2 times (x 81B)
Class com.google.common.collect.MapDifference                                         : loaded 2 times (x 70B)
Class com.google.common.reflect.Invokable                                             : loaded 2 times (x 103B)
Class org.objectweb.asm.FieldWriter                                                   : loaded 2 times (x 78B)
Class com.google.common.cache.CacheBuilder$NullListener                               : loaded 2 times (x 82B)
Class org.gradle.internal.classpath.TransformedClassPath                              : loaded 2 times (x 96B)
Class org.gradle.internal.classloader.InstrumentingClassLoader                        : loaded 2 times (x 70B)
Class com.google.common.reflect.Types$ParameterizedTypeImpl                           : loaded 2 times (x 81B)
Class com.google.common.collect.Maps$IteratorBasedAbstractMap$1                       : loaded 2 times (x 138B)
Class com.google.common.collect.ImmutableRangeSet$AsSet                               : loaded 2 times (x 300B)
Class com.google.common.cache.CacheLoader$FunctionToCacheLoader                       : loaded 2 times (x 75B)
Class com.google.common.collect.Iterators$ArrayItr                                    : loaded 2 times (x 97B)
Class com.google.common.collect.ImmutableCollection$Builder                           : loaded 2 times (x 76B)
Class com.google.common.reflect.TypeResolver$TypeVariableKey                          : loaded 2 times (x 72B)
Class com.google.common.base.PairwiseEquivalence                                      : loaded 2 times (x 83B)
Class com.google.common.base.Joiner                                                   : loaded 2 times (x 79B)
Class com.google.common.base.MoreObjects                                              : loaded 2 times (x 71B)
Class com.google.common.collect.Platform                                              : loaded 2 times (x 71B)
Class [Lorg.objectweb.asm.Type;                                                       : loaded 2 times (x 69B)
Class com.google.common.collect.UnmodifiableIterator                                  : loaded 2 times (x 80B)
Class org.gradle.internal.service.ServiceLocator                                      : loaded 2 times (x 70B)
Class com.google.common.base.Ascii                                                    : loaded 2 times (x 71B)
Class com.google.common.collect.SingletonImmutableBiMap                               : loaded 2 times (x 143B)
Class com.google.common.cache.LocalCache$1                                            : loaded 2 times (x 89B)
Class com.google.common.collect.Iterators$SingletonIterator                           : loaded 2 times (x 81B)
Class com.google.common.collect.AbstractMapEntry                                      : loaded 2 times (x 81B)
Class com.google.common.reflect.TypeToken$SimpleTypeToken                             : loaded 2 times (x 73B)
Class com.google.common.io.ByteSource$ByteArrayByteSource                             : loaded 2 times (x 85B)
Class com.google.common.collect.Sets$ImprovedAbstractSet                              : loaded 2 times (x 135B)
Class com.google.common.collect.ImmutableList$Builder                                 : loaded 2 times (x 77B)
Class com.google.common.collect.AbstractMultimap                                      : loaded 2 times (x 123B)
Class com.google.common.cache.LocalCache$2                                            : loaded 2 times (x 142B)
Class com.google.common.collect.ImmutableRangeSet$1                                   : loaded 2 times (x 210B)
Class com.google.common.collect.RegularImmutableAsList                                : loaded 2 times (x 217B)
Class com.google.common.collect.Range                                                 : loaded 2 times (x 87B)
Class com.google.common.base.Optional                                                 : loaded 2 times (x 80B)
Class com.google.common.util.concurrent.AbstractFuture$Trusted                        : loaded 2 times (x 70B)
Class com.google.common.collect.Iterators                                             : loaded 2 times (x 71B)
Class com.google.common.collect.Lists$StringAsImmutableList                           : loaded 2 times (x 207B)
Class com.google.common.util.concurrent.UncheckedExecutionException                   : loaded 2 times (x 82B)
Class org.gradle.kotlin.dsl.VersionCatalogAccessorsKt                                 : loaded 2 times (x 71B)
Class ijKotlinCoroutineJvmDebugInit1_9944wt7teiyq6lw8v67k619pp$_run_closure1          : loaded 2 times (x 139B)
Class com.google.common.collect.AbstractMapBasedMultimap$KeySet$1                     : loaded 2 times (x 82B)
Class org.objectweb.asm.ClassWriter                                                   : loaded 2 times (x 106B)
Class com.google.common.base.CharMatcher$And                                          : loaded 2 times (x 112B)
Class com.google.common.cache.CacheLoader$UnsupportedLoadingOperationException        : loaded 2 times (x 82B)
Class org.gradle.internal.classloader.ClasspathUtil$1                                 : loaded 2 times (x 76B)
Class com.google.common.collect.FluentIterable$1                                      : loaded 2 times (x 81B)
Class com.google.common.base.Objects                                                  : loaded 2 times (x 71B)
Class org.objectweb.asm.FieldVisitor                                                  : loaded 2 times (x 77B)
Class com.google.common.collect.IndexedImmutableSet                                   : loaded 2 times (x 152B)
Class com.google.common.collect.ImmutableMap$1                                        : loaded 2 times (x 81B)
Class com.google.common.collect.BiMap                                                 : loaded 2 times (x 70B)
Class org.gradle.api.internal.classpath.DefaultModuleRegistry$DefaultModule           : loaded 2 times (x 86B)
Class com.google.common.reflect.Reflection                                            : loaded 2 times (x 71B)
Class com.google.common.collect.FluentIterable$2                                      : loaded 2 times (x 81B)
Class com.google.common.base.Absent                                                   : loaded 2 times (x 80B)
Class com.google.common.primitives.Ints                                               : loaded 2 times (x 71B)
Class com.google.common.collect.AbstractIterator                                      : loaded 2 times (x 82B)
Class com.google.common.collect.FluentIterable$3                                      : loaded 2 times (x 81B)
Class com.google.common.collect.ObjectArrays                                          : loaded 2 times (x 71B)
Class com.google.common.math.MathPreconditions                                        : loaded 2 times (x 71B)
Class com.google.common.collect.Multiset                                              : loaded 2 times (x 70B)
Class com.google.common.collect.ArrayListMultimapGwtSerializationDependencies         : loaded 2 times (x 172B)
Class com.google.common.collect.AbstractIndexedListIterator                           : loaded 2 times (x 96B)
Class com.google.common.collect.ImmutableMapEntrySet                                  : loaded 2 times (x 152B)
Class org.gradle.api.internal.classpath.Module                                        : loaded 2 times (x 70B)
Class com.google.common.cache.Weigher                                                 : loaded 2 times (x 70B)
Class org.gradle.api.internal.classpath.UnknownModuleException                        : loaded 2 times (x 82B)
Class com.google.common.base.Stopwatch                                                : loaded 2 times (x 72B)
Class com.google.common.cache.LocalCache$Strength                                     : loaded 2 times (x 81B)
Class com.google.common.cache.Cache                                                   : loaded 2 times (x 70B)
Class com.google.common.base.NullnessCasts                                            : loaded 2 times (x 71B)
Class com.google.common.util.concurrent.AbstractFuture$Cancellation                   : loaded 2 times (x 72B)
Class com.google.common.collect.ImmutableMap$Builder                                  : loaded 2 times (x 82B)
Class com.google.common.collect.Maps$EntryFunction$1                                  : loaded 2 times (x 91B)
Class com.google.common.base.Present                                                  : loaded 2 times (x 81B)
Class com.google.common.cache.RemovalListener                                         : loaded 2 times (x 70B)
Class org.gradle.api.internal.DefaultClassPathRegistry                                : loaded 2 times (x 76B)
Class com.google.common.reflect.Invokable$ConstructorInvokable                        : loaded 2 times (x 107B)
Class com.google.common.collect.Maps$EntryFunction$2                                  : loaded 2 times (x 91B)
Class com.google.common.primitives.IntsMethodsForWeb                                  : loaded 2 times (x 71B)
Class com.google.common.collect.Multimap                                              : loaded 2 times (x 70B)
Class org.gradle.api.internal.ClassPathRegistry                                       : loaded 2 times (x 70B)
Class org.gradle.internal.classpath.DefaultClassPath$ImmutableUniqueList              : loaded 2 times (x 199B)
Class com.google.common.reflect.TypeToken                                             : loaded 2 times (x 73B)
Class com.google.common.base.ExtraObjectsMethodsForWeb                                : loaded 2 times (x 71B)
Class com.google.common.collect.BaseImmutableMultimap                                 : loaded 2 times (x 123B)
Class com.google.common.io.ByteSink                                                   : loaded 2 times (x 76B)
Class com.google.common.cache.CacheBuilder                                            : loaded 2 times (x 72B)
Class com.google.common.collect.SingletonImmutableList                                : loaded 2 times (x 207B)
Class Settings_gradle$1                                                               : loaded 2 times (x 74B)
Class org.gradle.internal.classpath.ClassPath                                         : loaded 2 times (x 70B)
Class [Lcom.google.common.reflect.Types$JavaVersion;                                  : loaded 2 times (x 69B)
Class com.google.common.io.Files$FileByteSource                                       : loaded 2 times (x 85B)
Class com.google.common.base.JdkPattern                                               : loaded 2 times (x 75B)
Class com.google.common.collect.ImmutableList$ReverseImmutableList                    : loaded 2 times (x 209B)
Class org.objectweb.asm.SymbolTable$Entry                                             : loaded 2 times (x 74B)
Class org.objectweb.asm.Edge                                                          : loaded 2 times (x 72B)
Class com.google.common.base.Suppliers$SupplierOfInstance                             : loaded 2 times (x 79B)
Class com.google.common.collect.Iterators$1                                           : loaded 2 times (x 81B)
Class com.google.common.reflect.TypeToken$1                                           : loaded 2 times (x 110B)
Class com.google.common.cache.LocalCache$ComputingValueReference                      : loaded 2 times (x 96B)
Class com.google.common.collect.SingletonImmutableSet                                 : loaded 2 times (x 146B)
Class com.google.common.collect.ImmutableMap$IteratorBasedImmutableMap                : loaded 2 times (x 126B)
Class com.google.common.reflect.TypeToken$2                                           : loaded 2 times (x 110B)
Class com.google.common.cache.LocalCache$Segment                                      : loaded 2 times (x 154B)
Class [Lcom.google.common.base.Supplier;                                              : loaded 2 times (x 69B)
Class com.google.common.collect.SortedIterable                                        : loaded 2 times (x 70B)
Class com.google.common.collect.AbstractListMultimap                                  : loaded 2 times (x 172B)
Class [Lorg.objectweb.asm.SymbolTable$Entry;                                          : loaded 2 times (x 69B)
Class com.google.common.cache.CacheLoader                                             : loaded 2 times (x 74B)
Class com.google.common.collect.Iterators$4                                           : loaded 2 times (x 82B)
Class com.google.common.collect.ImmutableBiMap                                        : loaded 2 times (x 143B)
Class org.gradle.api.internal.classpath.ModuleRegistry                                : loaded 2 times (x 70B)
Class org.gradle.internal.installation.GradleInstallation$1                           : loaded 2 times (x 75B)
Class com.google.common.collect.ImmutableSet$JdkBackedSetBuilderImpl                  : loaded 2 times (x 76B)
Class com.google.common.util.concurrent.internal.InternalFutureFailureAccess          : loaded 2 times (x 72B)
Class com.google.common.collect.Iterators$5                                           : loaded 2 times (x 82B)
Class com.google.common.collect.Iterators$6                                           : loaded 2 times (x 81B)
Class com.google.common.base.CharMatcher$ForPredicate                                 : loaded 2 times (x 112B)
Class com.google.common.cache.LocalCache$LocalManualCache$1                           : loaded 2 times (x 75B)
Class com.google.common.base.CharMatcher$AnyOf                                        : loaded 2 times (x 112B)
Class com.google.common.collect.ImmutableCollection                                   : loaded 2 times (x 125B)
Class org.gradle.api.internal.classpath.DefaultModuleRegistry                         : loaded 2 times (x 86B)
Class com.google.common.collect.Lists                                                 : loaded 2 times (x 71B)
Class com.google.common.util.concurrent.ListenableFuture                              : loaded 2 times (x 70B)
Class com.google.common.cache.ReferenceEntry                                          : loaded 2 times (x 70B)
Class com.google.common.base.Converter                                                : loaded 2 times (x 90B)
Class com.google.common.collect.ImmutableSet$CachingAsList                            : loaded 2 times (x 148B)
Class com.google.common.collect.AbstractMapBasedMultimap                              : loaded 2 times (x 139B)
Class com.google.common.util.concurrent.AbstractFuture                                : loaded 2 times (x 106B)
Class com.google.common.base.FunctionalEquivalence                                    : loaded 2 times (x 83B)
Class com.google.common.collect.Iterators$9                                           : loaded 2 times (x 81B)
Class com.google.common.collect.ImmutableAsList                                       : loaded 2 times (x 209B)
Class com.google.common.reflect.TypeResolver$TypeTable                                : loaded 2 times (x 73B)
Class org.objectweb.asm.RecordComponentVisitor                                        : loaded 2 times (x 77B)
Class com.google.common.cache.CacheLoader$SupplierToCacheLoader                       : loaded 2 times (x 75B)
Class com.google.common.reflect.TypeResolver$TypeTable$1                              : loaded 2 times (x 73B)
Class com.google.common.collect.Maps$EntryTransformer                                 : loaded 2 times (x 70B)
Class org.gradle.internal.service.ServiceLookupException                              : loaded 2 times (x 82B)
Class com.google.common.collect.ImmutableSortedSet                                    : loaded 2 times (x 300B)
Class [Lcom.google.common.cache.LocalCache$EntryFactory;                              : loaded 2 times (x 69B)
Class org.gradle.internal.classloader.ClassLoaderFactory                              : loaded 2 times (x 70B)
Class com.google.common.collect.ImmutableMap$SerializedForm                           : loaded 2 times (x 73B)
Class com.google.common.base.CommonPattern                                            : loaded 2 times (x 74B)
Class com.google.common.base.CharMatcher$IsNot                                        : loaded 2 times (x 111B)
Class com.google.common.cache.LocalCache$LocalManualCache                             : loaded 2 times (x 99B)
Class org.gradle.internal.service.CachingServiceLocator                               : loaded 2 times (x 82B)
Class com.google.common.collect.RegularImmutableSortedSet                             : loaded 2 times (x 300B)
Class com.google.common.collect.AbstractMapBasedMultimap$KeySet                       : loaded 2 times (x 137B)
Class com.google.common.math.IntMath                                                  : loaded 2 times (x 71B)
Class com.google.common.reflect.Types$TypeVariableInvocationHandler                   : loaded 2 times (x 75B)
Class com.google.common.collect.ImmutableMapEntry                                     : loaded 2 times (x 85B)
Class com.google.common.base.Predicates                                               : loaded 2 times (x 71B)
Class com.google.common.collect.ImmutableMultimap                                     : loaded 2 times (x 147B)
Class com.google.common.base.Equivalence                                              : loaded 2 times (x 82B)
Class com.google.common.base.Function                                                 : loaded 2 times (x 70B)
Class com.google.common.collect.ImmutableMapEntry$NonTerminalImmutableMapEntry        : loaded 2 times (x 85B)
Class com.google.common.collect.IndexedImmutableSet$1                                 : loaded 2 times (x 213B)
Class com.google.common.cache.CacheBuilder$OneWeigher                                 : loaded 2 times (x 82B)
Class com.google.common.collect.RegularImmutableList                                  : loaded 2 times (x 213B)
Class com.google.common.reflect.Types$ClassOwnership$1LocalClass                      : loaded 2 times (x 71B)
Class com.google.common.collect.Maps$EntryFunction                                    : loaded 2 times (x 91B)
Class org.gradle.internal.classloader.ClasspathUtil                                   : loaded 2 times (x 71B)
Class com.google.common.util.concurrent.Uninterruptibles                              : loaded 2 times (x 71B)
Class com.google.common.io.CharSource                                                 : loaded 2 times (x 85B)
Class com.google.common.util.concurrent.LazyLogger                                    : loaded 2 times (x 72B)
Class com.google.common.collect.Maps                                                  : loaded 2 times (x 71B)
Class org.gradle.api.specs.Spec                                                       : loaded 2 times (x 70B)
Class com.google.common.reflect.Types$JavaVersion                                     : loaded 2 times (x 83B)
Class [Lcom.google.common.collect.ImmutableEntry;                                     : loaded 2 times (x 69B)
Class com.google.common.collect.Sets$3$1                                              : loaded 2 times (x 82B)
Class com.google.common.cache.LocalCache$LoadingValueReference                        : loaded 2 times (x 96B)
Class com.google.common.reflect.Invokable$MethodInvokable                             : loaded 2 times (x 107B)
Class com.google.common.collect.CollectSpliterators                                   : loaded 2 times (x 71B)
Class com.google.common.base.Platform                                                 : loaded 2 times (x 71B)
Class [Lorg.objectweb.asm.AnnotationWriter;                                           : loaded 2 times (x 69B)
Class com.google.common.collect.Maps$8                                                : loaded 2 times (x 82B)
Class com.google.common.base.Predicates$CompositionPredicate                          : loaded 2 times (x 88B)
Class com.google.common.collect.ImmutableRangeSet$Builder                             : loaded 2 times (x 77B)
Class com.google.common.collect.Sets$SetView                                          : loaded 2 times (x 138B)
Class com.google.common.cache.LocalCache$StrongValueReference                         : loaded 2 times (x 90B)
Class com.google.common.graph.SuccessorsFunction                                      : loaded 2 times (x 70B)
Class org.objectweb.asm.Type                                                          : loaded 2 times (x 72B)
Class org.gradle.internal.classloader.VisitableURLClassLoader$InstrumentingVisitableURLClassLoader: loaded 2 times (x 123B)
Class com.google.common.io.Files$FileByteSink                                         : loaded 2 times (x 77B)
Class com.google.common.math.IntMath$1                                                : loaded 2 times (x 71B)
Class org.objectweb.asm.ByteVector                                                    : loaded 2 times (x 79B)
Class [Lcom.google.common.cache.CacheBuilder$NullListener;                            : loaded 2 times (x 69B)
Class org.gradle.internal.classloader.VisitableURLClassLoader$Spec                    : loaded 2 times (x 74B)
Class org.gradle.internal.classpath.DefaultClassPath                                  : loaded 2 times (x 90B)
Class com.google.common.reflect.Types$ClassOwnership                                  : loaded 2 times (x 80B)
Class org.objectweb.asm.Symbol                                                        : loaded 2 times (x 73B)
Class com.google.common.collect.Sets$FilteredSet                                      : loaded 2 times (x 137B)
Class com.google.common.io.Closer                                                     : loaded 2 times (x 78B)
Class com.google.common.base.CharMatcher$BitSetMatcher                                : loaded 2 times (x 112B)
Class com.google.common.collect.ImmutableSet                                          : loaded 2 times (x 145B)
Class com.google.common.collect.RegularImmutableMap$Values                            : loaded 2 times (x 207B)
Class org.gradle.internal.classloader.ClassLoaderSpec                                 : loaded 2 times (x 71B)
Class com.google.common.io.ByteSource$EmptyByteSource                                 : loaded 2 times (x 85B)
Class org.objectweb.asm.AnnotationWriter                                              : loaded 2 times (x 79B)
Class com.google.common.cache.CacheStats                                              : loaded 2 times (x 71B)
Class com.google.common.io.LineProcessor                                              : loaded 2 times (x 70B)
Class com.google.common.io.Closer$Suppressor                                          : loaded 2 times (x 70B)
Class org.objectweb.asm.RecordComponentWriter                                         : loaded 2 times (x 78B)
Class com.google.common.util.concurrent.AbstractFuture$Listener                       : loaded 2 times (x 72B)
Class com.google.common.base.CharMatcher$Or                                           : loaded 2 times (x 112B)
Class Settings_gradle$1$1                                                             : loaded 2 times (x 74B)
Class org.objectweb.asm.Attribute                                                     : loaded 2 times (x 77B)
Class com.google.common.base.Supplier                                                 : loaded 2 times (x 70B)
Class org.gradle.internal.classloader.VisitableURLClassLoader                         : loaded 2 times (x 117B)
Class com.google.common.collect.ImmutableList$SerializedForm                          : loaded 2 times (x 73B)
Class Settings_gradle                                                                 : loaded 2 times (x 124B)
Class ijKotlinCoroutineJvmDebugInit1_9944wt7teiyq6lw8v67k619pp                        : loaded 2 times (x 171B)
Class org.gradle.internal.Cast                                                        : loaded 2 times (x 71B)
Class org.gradle.api.Action                                                           : loaded 2 times (x 70B)
Class com.google.common.base.Strings                                                  : loaded 2 times (x 71B)
Class com.google.common.collect.Sets                                                  : loaded 2 times (x 71B)
Class org.objectweb.asm.Handler                                                       : loaded 2 times (x 72B)
Class com.google.common.base.CharMatcher$FastMatcher                                  : loaded 2 times (x 111B)
Class com.google.common.base.Ticker                                                   : loaded 2 times (x 72B)
Class [Lcom.google.common.cache.LocalCache$Segment;                                   : loaded 2 times (x 69B)
Class com.google.common.base.Predicate                                                : loaded 2 times (x 70B)
Class [Lcom.google.common.cache.LocalCache$Strength;                                  : loaded 2 times (x 69B)
Class com.google.common.cache.CacheBuilder$1                                          : loaded 2 times (x 85B)
Class com.google.common.collect.ImmutableMap                                          : loaded 2 times (x 120B)
Class org.gradle.internal.classpath.DefaultClassPath$ImmutableUniqueList$Builder      : loaded 2 times (x 75B)
Class com.google.common.collect.AbstractRangeSet                                      : loaded 2 times (x 114B)
Class com.google.common.base.CharMatcher$NegatedFastMatcher                           : loaded 2 times (x 113B)
Class com.google.common.cache.LocalCache                                              : loaded 2 times (x 187B)
Class com.google.common.cache.CacheBuilder$2                                          : loaded 2 times (x 79B)
Class com.google.common.collect.ArrayListMultimap                                     : loaded 2 times (x 172B)
Class com.google.common.cache.CacheBuilder$3                                          : loaded 2 times (x 72B)
Class [Lcom.google.common.collect.AbstractMapEntry;                                   : loaded 2 times (x 69B)
Class com.google.common.collect.ImmutableEntry                                        : loaded 2 times (x 82B)
Class org.gradle.api.GradleException                                                  : loaded 2 times (x 82B)
Class com.google.common.base.Suppliers$MemoizingSupplier                              : loaded 2 times (x 79B)
Class com.google.common.collect.CollectPreconditions                                  : loaded 2 times (x 71B)
Class ijJvmDebugger1_2sejiwqukoclx6evm3d3a26i                                         : loaded 2 times (x 171B)
Class com.google.common.collect.Maps$AbstractFilteredMap                              : loaded 2 times (x 127B)
Class com.google.common.collect.SortedMapDifference                                   : loaded 2 times (x 70B)
Class com.google.common.io.Files                                                      : loaded 2 times (x 71B)
Class com.google.common.cache.LocalCache$WriteThroughEntry                            : loaded 2 times (x 79B)
Class com.google.common.cache.LocalCache$HashIterator                                 : loaded 2 times (x 86B)
Class com.google.common.cache.LocalCache$EntryFactory                                 : loaded 2 times (x 83B)
Class com.google.common.reflect.Types$NativeTypeVariableEquals                        : loaded 2 times (x 71B)
Class com.google.common.reflect.TypeParameter                                         : loaded 2 times (x 72B)
Class com.google.common.collect.Iterables$5                                           : loaded 2 times (x 81B)
Class com.google.common.cache.LocalCache$AbstractReferenceEntry                       : loaded 2 times (x 107B)
Class ijJvmDebugger1_2sejiwqukoclx6evm3d3a26i$_run_closure1$_closure2                 : loaded 2 times (x 140B)
Class org.gradle.internal.IoActions                                                   : loaded 2 times (x 71B)
Class com.google.common.collect.ImmutableRangeSet$ComplementRanges                    : loaded 2 times (x 207B)
Class org.objectweb.asm.SymbolTable                                                   : loaded 2 times (x 72B)
Class com.google.common.cache.CacheLoader$InvalidCacheLoadException                   : loaded 2 times (x 82B)
Class com.google.common.collect.ImmutableSet$RegularSetBuilderImpl                    : loaded 2 times (x 77B)
Class org.gradle.internal.classloader.SystemClassLoaderSpec                           : loaded 2 times (x 71B)
Class com.google.common.collect.FluentIterable                                        : loaded 2 times (x 81B)
Class com.google.common.cache.LocalCache$StrongEntry                                  : loaded 2 times (x 108B)
Class com.google.common.util.concurrent.AbstractFuture$TrustedFuture                  : loaded 2 times (x 114B)
Class com.google.common.cache.LoadingCache                                            : loaded 2 times (x 70B)
Class com.google.common.io.ByteStreams$LimitedInputStream                             : loaded 2 times (x 92B)
Class com.google.common.base.Suppliers$NonSerializableMemoizingSupplier               : loaded 2 times (x 79B)
Class org.objectweb.asm.MethodWriter                                                  : loaded 2 times (x 106B)
Class [Lcom.google.common.cache.Weigher;                                              : loaded 2 times (x 69B)
Class com.google.common.collect.RegularImmutableMap$BucketOverflowException           : loaded 2 times (x 82B)
Class com.google.common.reflect.Types$JavaVersion$1                                   : loaded 2 times (x 83B)
Class com.google.common.collect.AbstractIterator$State                                : loaded 2 times (x 79B)
Class com.google.common.collect.RegularImmutableBiMap                                 : loaded 2 times (x 149B)
Class com.google.common.base.CharMatcher$Is                                           : loaded 2 times (x 111B)
Class com.google.common.base.CharMatcher$Negated                                      : loaded 2 times (x 113B)
Class com.google.common.cache.LocalCache$ValueReference                               : loaded 2 times (x 70B)
Class com.google.common.reflect.Types$JavaVersion$2                                   : loaded 2 times (x 83B)
Class com.google.common.reflect.Types                                                 : loaded 2 times (x 71B)
Class com.google.common.hash.PrimitiveSink                                            : loaded 2 times (x 70B)
Class com.google.common.base.PatternCompiler                                          : loaded 2 times (x 70B)
Class com.google.common.util.concurrent.AbstractFuture$Failure                        : loaded 2 times (x 72B)
Class com.google.common.base.Equivalence$Equals                                       : loaded 2 times (x 82B)
Class com.google.common.collect.Hashing                                               : loaded 2 times (x 71B)
Class com.google.common.base.Preconditions                                            : loaded 2 times (x 71B)
Class com.google.common.reflect.Types$JavaVersion$3                                   : loaded 2 times (x 83B)
Class com.google.common.collect.ImmutableSetMultimap                                  : loaded 2 times (x 180B)
Class com.google.common.base.Joiner$1                                                 : loaded 2 times (x 80B)
Class org.objectweb.asm.Label                                                         : loaded 2 times (x 73B)
Class org.objectweb.asm.CurrentFrame                                                  : loaded 2 times (x 73B)
Class org.objectweb.asm.ClassTooLargeException                                        : loaded 2 times (x 83B)
Class com.google.common.base.CharMatcher                                              : loaded 2 times (x 111B)
Class com.google.common.collect.PeekingIterator                                       : loaded 2 times (x 70B)
Class com.google.common.reflect.Types$JavaVersion$4                                   : loaded 2 times (x 83B)
Class com.google.common.collect.RangeGwtSerializationDependencies                     : loaded 2 times (x 71B)
Class com.google.common.io.ByteSource$AsCharSource                                    : loaded 2 times (x 86B)
Class com.google.common.collect.Maps$IteratorBasedAbstractMap                         : loaded 2 times (x 125B)
Class com.google.common.base.Joiner$2                                                 : loaded 2 times (x 79B)
Class org.objectweb.asm.Frame                                                         : loaded 2 times (x 73B)
Class org.objectweb.asm.MethodVisitor                                                 : loaded 2 times (x 105B)
Class com.google.common.base.CharMatcher$NamedFastMatcher                             : loaded 2 times (x 112B)
Class com.google.common.base.CharMatcher$1                                            : loaded 2 times (x 113B)
Class com.google.common.cache.LocalCache$EntryFactory$1                               : loaded 2 times (x 83B)
Class [Lcom.google.common.cache.RemovalListener;                                      : loaded 2 times (x 69B)
Class com.google.common.reflect.Types$JavaVersion$5                                   : loaded 2 times (x 71B)
Class [Lcom.google.common.reflect.Types$ClassOwnership;                               : loaded 2 times (x 69B)
Class com.google.common.collect.RangeSet                                              : loaded 2 times (x 70B)
Class com.google.common.cache.LocalCache$EntryFactory$2                               : loaded 2 times (x 83B)
Class org.gradle.api.internal.classpath.GlobalCacheRootsProvider                      : loaded 2 times (x 70B)
Class com.google.common.collect.CollectCollectors                                     : loaded 2 times (x 71B)
Class org.objectweb.asm.ModuleWriter                                                  : loaded 2 times (x 82B)
Class com.google.common.cache.LocalCache$EntryFactory$3                               : loaded 2 times (x 83B)
Class com.google.common.base.Ticker$1                                                 : loaded 2 times (x 72B)
Class com.google.common.collect.Maps$BiMapConverter                                   : loaded 2 times (x 90B)
Class com.google.common.collect.ImmutableMapEntrySet$RegularEntrySet                  : loaded 2 times (x 152B)
Class com.google.common.collect.SetMultimap                                           : loaded 2 times (x 70B)
Class com.google.common.collect.ImmutableSet$Builder                                  : loaded 2 times (x 85B)
Class com.google.common.base.CharMatcher$InRange                                      : loaded 2 times (x 111B)
Class com.google.common.cache.LocalCache$EntryFactory$4                               : loaded 2 times (x 83B)
Class com.google.common.io.ByteStreams$1                                              : loaded 2 times (x 85B)
Class com.google.common.cache.LocalCache$EntryFactory$5                               : loaded 2 times (x 83B)
Class com.google.common.base.Equivalence$Identity                                     : loaded 2 times (x 82B)
Class com.google.common.cache.LocalCache$EntryFactory$6                               : loaded 2 times (x 83B)
Class org.gradle.internal.installation.CurrentGradleInstallationLocator               : loaded 2 times (x 71B)
Class com.google.common.io.ByteSource$SlicedByteSource                                : loaded 2 times (x 85B)
Class com.google.common.collect.Maps$KeySet                                           : loaded 2 times (x 137B)
Class com.google.common.collect.ImmutableSet$EmptySetBuilderImpl                      : loaded 2 times (x 76B)
Class com.google.common.cache.LocalCache$EntryFactory$7                               : loaded 2 times (x 83B)
Class com.google.common.collect.ImmutableList                                         : loaded 2 times (x 206B)
Class ijJvmDebugger1_2sejiwqukoclx6evm3d3a26i$_run_closure1                           : loaded 2 times (x 139B)
Class org.gradle.internal.service.DefaultServiceLocator                               : loaded 2 times (x 83B)
Class com.google.common.collect.Maps$EntrySet                                         : loaded 2 times (x 136B)
Class com.google.common.cache.LocalCache$EntryFactory$8                               : loaded 2 times (x 83B)
Class com.google.common.collect.ImmutableSet$SetBuilderImpl                           : loaded 2 times (x 76B)
Class org.gradle.internal.installation.CurrentGradleInstallation                      : loaded 2 times (x 73B)
Class com.google.common.cache.CacheLoader$1                                           : loaded 2 times (x 75B)
Class com.google.common.collect.ForwardingObject                                      : loaded 2 times (x 72B)
Class com.google.common.collect.ImmutableList$SubList                                 : loaded 2 times (x 209B)
Class org.gradle.util.internal.GUtil                                                  : loaded 2 times (x 71B)
Class com.google.common.io.ByteSource                                                 : loaded 2 times (x 84B)
Class com.google.common.cache.AbstractCache$StatsCounter                              : loaded 2 times (x 70B)
Class com.google.common.reflect.Types$TypeVariableImpl                                : loaded 2 times (x 72B)
Class com.google.common.collect.Iterators$MergingIterator                             : loaded 2 times (x 81B)
Class com.google.common.collect.RegularImmutableSet                                   : loaded 2 times (x 149B)
Class org.gradle.internal.installation.GradleInstallation                             : loaded 2 times (x 75B)
Class com.google.common.collect.Iterables                                             : loaded 2 times (x 71B)

---------------  S Y S T E M  ---------------

OS:
 Windows 10 , 64 bit Build 19041 (10.0.19041.5915)
OS uptime: 5 days 8:15 hours

CPU: total 8 (initial active 8) (4 cores per cpu, 2 threads per core) family 6 model 58 stepping 9 microcode 0x21, cx8, cmov, fxsr, ht, mmx, sse, sse2, sse3, ssse3, sse4.1, sse4.2, popcnt, tsc, tscinvbit, avx, aes, erms, clmul, vzeroupper, clflush, rdtscp, f16c
Processor Information for the first 8 processors :
  Max Mhz: 3392, Current Mhz: 3392, Mhz Limit: 3392

Memory: 4k page, system-wide physical 8156M (520M free)
TotalPageFile size 17156M (AvailPageFile size 2M)
current process WorkingSet (physical memory assigned to process): 740M, peak: 740M
current process commit charge ("private bytes"): 938M, peak: 962M

vm_info: OpenJDK 64-Bit Server VM (21.0.10+-14961533-b1163.108) for windows-amd64 JRE (21.0.10+-14961533-b1163.108), built on 2026-03-02T19:58:50Z by "builder" with MS VC++ 16.10 / 16.11 (VS2019)

END.
