#
# There is insufficient memory for the Java Runtime Environment to continue.
# Native memory allocation (malloc) failed to allocate 668816 bytes. Error detail: Chunk::new
# Possible reasons:
#   The system is out of physical RAM or swap space
#   This process is running with CompressedOops enabled, and the Java Heap may be blocking the growth of the native heap
# Possible solutions:
#   Reduce memory load on the system
#   Increase physical memory or swap space
#   Check if swap backing store is full
#   Decrease Java heap size (-Xmx/-Xms)
#   Decrease number of Java threads
#   Decrease Java thread stack sizes (-Xss)
#   Set larger code cache with -XX:ReservedCodeCacheSize=
#   JVM is running with Unscaled Compressed Oops mode in which the Java heap is
#     placed in the first 4GB address space. The Java Heap base address is the
#     maximum limit for the native heap growth. Please use -XX:HeapBaseMinAddress
#     to set the Java Heap base and to place the Java Heap above 4GB virtual address.
# This output file may be truncated or incomplete.
#
#  Out of Memory Error (arena.cpp:168), pid=18988, tid=20048
#
# JRE version: OpenJDK Runtime Environment (21.0.10) (build 21.0.10+-14961533-b1163.108)
# Java VM: OpenJDK 64-Bit Server VM (21.0.10+-14961533-b1163.108, mixed mode, tiered, compressed oops, compressed class ptrs, g1 gc, windows-amd64)
# No core dump will be written. Minidumps are not enabled by default on client versions of Windows
#

---------------  S U M M A R Y ------------

Command Line: --add-opens=java.base/java.lang=ALL-UNNAMED --add-opens=java.base/java.lang.invoke=ALL-UNNAMED --add-opens=java.base/java.util=ALL-UNNAMED --add-opens=java.prefs/java.util.prefs=ALL-UNNAMED --add-exports=jdk.compiler/com.sun.tools.javac.api=ALL-UNNAMED --add-exports=jdk.compiler/com.sun.tools.javac.util=ALL-UNNAMED --add-opens=java.base/java.util=ALL-UNNAMED --add-opens=java.prefs/java.util.prefs=ALL-UNNAMED --add-opens=java.base/java.nio.charset=ALL-UNNAMED --add-opens=java.base/java.net=ALL-UNNAMED --add-opens=java.base/java.util.concurrent=ALL-UNNAMED --add-opens=java.base/java.util.concurrent.atomic=ALL-UNNAMED --add-opens=java.xml/javax.xml.namespace=ALL-UNNAMED --add-opens=java.base/java.time=ALL-UNNAMED -Xmx2048m -Dfile.encoding=UTF-8 -Duser.country=BR -Duser.language=pt -Duser.variant -javaagent:C:\Users\breno\scoop\apps\gradle\current\.gradle\wrapper\dists\gradle-9.3.1-bin\23ovyewtku6u96viwx3xl3oks\gradle-9.3.1\lib\agents\gradle-instrumentation-agent-9.3.1.jar org.gradle.launcher.daemon.bootstrap.GradleDaemon 9.3.1

Host: Intel(R) Core(TM) i7-3770 CPU @ 3.40GHz, 8 cores, 7G,  Windows 10 , 64 bit Build 19041 (10.0.19041.5915)
Time: Sun May  3 23:43:38 2026 Hora oficial do Brasil elapsed time: 62.275024 seconds (0d 0h 1m 2s)

---------------  T H R E A D  ---------------

Current thread (0x00000296fe0bacd0):  JavaThread "C2 CompilerThread0" daemon [_thread_in_native, id=20048, stack(0x000000c9c8d00000,0x000000c9c8e00000) (1024K)]


Current CompileTask:
C2:62275 15251   !   4       java.nio.file.Files::walkFileTree (297 bytes)

Stack: [0x000000c9c8d00000,0x000000c9c8e00000]
Native frames: (J=compiled Java code, j=interpreted, Vv=VM code, C=native code)
V  [jvm.dll+0x6d78a9]
V  [jvm.dll+0x8665b3]
V  [jvm.dll+0x868bde]
V  [jvm.dll+0x8692c3]
V  [jvm.dll+0x280ee6]
V  [jvm.dll+0xc07cd]
V  [jvm.dll+0xc0d03]
V  [jvm.dll+0x3ba0cb]
V  [jvm.dll+0x1e0052]
V  [jvm.dll+0x249d24]
V  [jvm.dll+0x2491a1]
V  [jvm.dll+0x1c76e4]
V  [jvm.dll+0x25891e]
V  [jvm.dll+0x256e66]
V  [jvm.dll+0x3f513e]
V  [jvm.dll+0x80fd28]
V  [jvm.dll+0x6d60fd]
C  [ucrtbase.dll+0x21bb2]
C  [KERNEL32.DLL+0x17374]
C  [ntdll.dll+0x4cc91]


---------------  P R O C E S S  ---------------

Threads class SMR info:
_java_thread_list=0x000002968b23b600, length=141, elements={
0x00000296e2571610, 0x00000296fe083d60, 0x00000296fe0868d0, 0x00000296fe087330,
0x00000296fe088010, 0x00000296fe088a70, 0x00000296fe0919d0, 0x00000296fe094050,
0x00000296fe0bacd0, 0x00000296fe0be790, 0x00000296fe3aca20, 0x0000029680a9dc50,
0x00000296809db710, 0x00000296fe8303e0, 0x00000296809b77c0, 0x00000296809ce090,
0x0000029680d7f6e0, 0x0000029680d824d0, 0x0000029680d7f050, 0x0000029680d81e40,
0x0000029680d80400, 0x0000029680d7fd70, 0x0000029680d80a90, 0x0000029680d81120,
0x000002968182f7e0, 0x000002968182fe70, 0x000002968182dda0, 0x0000029681830500,
0x0000029681830b90, 0x0000029681831220, 0x00000296818318b0, 0x0000029681831f40,
0x00000296818353c0, 0x000002968182e430, 0x000002968182eac0, 0x00000296818325d0,
0x0000029681832c60, 0x00000296818332f0, 0x0000029681833980, 0x0000029681834010,
0x00000296848ae410, 0x00000296848b25b0, 0x00000296848ad060, 0x00000296848b32d0,
0x00000296848b4680, 0x00000296848ad6f0, 0x00000296848b3ff0, 0x00000296848b1890,
0x00000296848afe50, 0x00000296848b2c40, 0x00000296848b1200, 0x00000296848add80,
0x00000296848af7c0, 0x00000296848b3960, 0x00000296848b0b70, 0x00000296848aeaa0,
0x00000296848af130, 0x00000296848b1f20, 0x00000296848b04e0, 0x0000029683061b40,
0x0000029683066a00, 0x0000029683064930, 0x00000296830642a0, 0x0000029683067db0,
0x00000296830621d0, 0x0000029683062ef0, 0x0000029683063580, 0x0000029684218c60,
0x00000296842192f0, 0x0000029684219980, 0x0000029684217220, 0x000002968421ce00,
0x000002968421db20, 0x000002968421a6a0, 0x00000296842178b0, 0x0000029684217f40,
0x00000296842185d0, 0x000002968421c0e0, 0x000002968421a010, 0x000002968421ba50,
0x000002968421ad30, 0x000002968421c770, 0x000002968421d490, 0x0000029684216b90,
0x000002968421e1b0, 0x0000029680328980, 0x00000296803296a0, 0x000002968259a320,
0x00000296858593e0, 0x000002968585a100, 0x000002968585d580, 0x0000029685857310,
0x000002968585a790, 0x0000029685858030, 0x000002968585c860, 0x00000296858565f0,
0x00000296858579a0, 0x000002968585ae20, 0x000002968585c1d0, 0x000002968585b4b0,
0x000002968585bb40, 0x000002968585cef0, 0x0000029685856c80, 0x00000296858586c0,
0x0000029680329010, 0x000002968032b0e0, 0x0000029685cbb180, 0x0000029685cbb810,
0x0000029685cbcbc0, 0x0000029685cbe600, 0x0000029685cbec90, 0x0000029685cbbea0,
0x0000029685cc0040, 0x0000029685cba460, 0x0000029685cbaaf0, 0x0000029685cbdf70,
0x0000029685cbf320, 0x0000029685cbc530, 0x0000029685cb90b0, 0x0000029685cbd250,
0x0000029685cbf9b0, 0x0000029685cb9dd0, 0x0000029685cbd8e0, 0x000002968259de30,
0x000002968259f870, 0x00000296825a0590, 0x0000029683065ce0, 0x0000029683066370,
0x000002968032a3c0, 0x000002968be9eef0, 0x000002968be9f580, 0x000002968be99310,
0x0000029684e38780, 0x0000029684e3a1c0, 0x0000029684e3b570, 0x0000029684e36d40,
0x0000029684e380f0, 0x0000029684e37a60, 0x0000029684e39b30, 0x0000029684e35990,
0x0000029684a376f0
}

Java Threads: ( => current thread )
  0x00000296e2571610 JavaThread "main"                              [_thread_blocked, id=20080, stack(0x000000c9c7e00000,0x000000c9c7f00000) (1024K)]
  0x00000296fe083d60 JavaThread "Common-Cleaner"             daemon [_thread_blocked, id=13948, stack(0x000000c9c8600000,0x000000c9c8700000) (1024K)]
  0x00000296fe0868d0 JavaThread "Reference Handler"          daemon [_thread_blocked, id=1412, stack(0x000000c9c8700000,0x000000c9c8800000) (1024K)]
  0x00000296fe087330 JavaThread "Finalizer"                  daemon [_thread_blocked, id=20320, stack(0x000000c9c8800000,0x000000c9c8900000) (1024K)]
  0x00000296fe088010 JavaThread "Signal Dispatcher"          daemon [_thread_blocked, id=3220, stack(0x000000c9c8900000,0x000000c9c8a00000) (1024K)]
  0x00000296fe088a70 JavaThread "Attach Listener"            daemon [_thread_blocked, id=13204, stack(0x000000c9c8a00000,0x000000c9c8b00000) (1024K)]
  0x00000296fe0919d0 JavaThread "Service Thread"             daemon [_thread_blocked, id=18684, stack(0x000000c9c8b00000,0x000000c9c8c00000) (1024K)]
  0x00000296fe094050 JavaThread "Monitor Deflation Thread"   daemon [_thread_blocked, id=19000, stack(0x000000c9c8c00000,0x000000c9c8d00000) (1024K)]
=>0x00000296fe0bacd0 JavaThread "C2 CompilerThread0"         daemon [_thread_in_native, id=20048, stack(0x000000c9c8d00000,0x000000c9c8e00000) (1024K)]
  0x00000296fe0be790 JavaThread "C1 CompilerThread0"         daemon [_thread_blocked, id=9604, stack(0x000000c9c8e00000,0x000000c9c8f00000) (1024K)]
  0x00000296fe3aca20 JavaThread "Notification Thread"        daemon [_thread_blocked, id=5812, stack(0x000000c9c8f00000,0x000000c9c9000000) (1024K)]
  0x0000029680a9dc50 JavaThread "Daemon health stats"               [_thread_blocked, id=20300, stack(0x000000c9c9700000,0x000000c9c9800000) (1024K)]
  0x00000296809db710 JavaThread "Incoming local TCP Connector on port 51182"        [_thread_in_native, id=1848, stack(0x000000c9c9900000,0x000000c9c9a00000) (1024K)]
  0x00000296fe8303e0 JavaThread "Daemon periodic checks"            [_thread_blocked, id=8160, stack(0x000000c9c9a00000,0x000000c9c9b00000) (1024K)]
  0x00000296809b77c0 JavaThread "Daemon"                            [_thread_blocked, id=10208, stack(0x000000c9c9b00000,0x000000c9c9c00000) (1024K)]
  0x00000296809ce090 JavaThread "Handler for socket connection from /127.0.0.1:51182 to /127.0.0.1:51183"        [_thread_in_native, id=20312, stack(0x000000c9c9c00000,0x000000c9c9d00000) (1024K)]
  0x0000029680d7f6e0 JavaThread "Cancel handler"                    [_thread_blocked, id=6904, stack(0x000000c9c9d00000,0x000000c9c9e00000) (1024K)]
  0x0000029680d824d0 JavaThread "Daemon worker"                     [_thread_blocked, id=8720, stack(0x000000c9c9e00000,0x000000c9c9f00000) (1024K)]
  0x0000029680d7f050 JavaThread "Asynchronous log dispatcher for DefaultDaemonConnection: socket connection from /127.0.0.1:51182 to /127.0.0.1:51183"        [_thread_blocked, id=688, stack(0x000000c9ca000000,0x000000c9ca100000) (1024K)]
  0x0000029680d81e40 JavaThread "Stdin handler"                     [_thread_blocked, id=2464, stack(0x000000c9ca100000,0x000000c9ca200000) (1024K)]
  0x0000029680d80400 JavaThread "Daemon client event forwarder"        [_thread_blocked, id=6000, stack(0x000000c9ca200000,0x000000c9ca300000) (1024K)]
  0x0000029680d7fd70 JavaThread "Cache worker for journal cache (C:\Users\breno\scoop\apps\gradle\current\.gradle\caches\journal-1)"        [_thread_blocked, id=6756, stack(0x000000c9ca300000,0x000000c9ca400000) (1024K)]
  0x0000029680d80a90 JavaThread "File lock request listener"        [_thread_in_native, id=9000, stack(0x000000c9ca400000,0x000000c9ca500000) (1024K)]
  0x0000029680d81120 JavaThread "Cache worker for file hash cache (C:\Users\breno\scoop\apps\gradle\current\.gradle\caches\9.3.1\fileHashes)"        [_thread_blocked, id=12800, stack(0x000000c9ca500000,0x000000c9ca600000) (1024K)]
  0x000002968182f7e0 JavaThread "Cache worker for file hash cache (C:\Users\breno\Desktop\TCC senai\.gradle\9.3.1\fileHashes)"        [_thread_blocked, id=2772, stack(0x000000c9ca600000,0x000000c9ca700000) (1024K)]
  0x000002968182fe70 JavaThread "Cache worker for Build Output Cleanup Cache (C:\Users\breno\Desktop\TCC senai\.gradle\buildOutputCleanup)"        [_thread_blocked, id=892, stack(0x000000c9ca700000,0x000000c9ca800000) (1024K)]
  0x000002968182dda0 JavaThread "File watcher server"        daemon [_thread_in_native, id=1940, stack(0x000000c9c9800000,0x000000c9c9900000) (1024K)]
  0x0000029681830500 JavaThread "File watcher consumer"      daemon [_thread_blocked, id=20072, stack(0x000000c9ca800000,0x000000c9ca900000) (1024K)]
  0x0000029681830b90 JavaThread "Cache worker for checksums cache (C:\Users\breno\Desktop\TCC senai\.gradle\9.3.1\checksums)"        [_thread_blocked, id=9560, stack(0x000000c9ca900000,0x000000c9caa00000) (1024K)]
  0x0000029681831220 JavaThread "Cache worker for file content cache (C:\Users\breno\scoop\apps\gradle\current\.gradle\caches\9.3.1\fileContent)"        [_thread_blocked, id=8132, stack(0x000000c9caa00000,0x000000c9cab00000) (1024K)]
  0x00000296818318b0 JavaThread "Cache worker for cache directory md-supplier (C:\Users\breno\scoop\apps\gradle\current\.gradle\caches\9.3.1\md-supplier)"        [_thread_blocked, id=7072, stack(0x000000c9cac00000,0x000000c9cad00000) (1024K)]
  0x0000029681831f40 JavaThread "Cache worker for cache directory md-rule (C:\Users\breno\scoop\apps\gradle\current\.gradle\caches\9.3.1\md-rule)"        [_thread_blocked, id=4716, stack(0x000000c9cad00000,0x000000c9cae00000) (1024K)]
  0x00000296818353c0 JavaThread "jar transforms"                    [_thread_blocked, id=1876, stack(0x000000c9cae00000,0x000000c9caf00000) (1024K)]
  0x000002968182e430 JavaThread "jar transforms Thread 2"           [_thread_blocked, id=1052, stack(0x000000c9caf00000,0x000000c9cb000000) (1024K)]
  0x000002968182eac0 JavaThread "jar transforms Thread 3"           [_thread_blocked, id=20132, stack(0x000000c9cb100000,0x000000c9cb200000) (1024K)]
  0x00000296818325d0 JavaThread "Unconstrained build operations"        [_thread_blocked, id=11508, stack(0x000000c9cb000000,0x000000c9cb100000) (1024K)]
  0x0000029681832c60 JavaThread "Unconstrained build operations Thread 2"        [_thread_blocked, id=19884, stack(0x000000c9cb200000,0x000000c9cb300000) (1024K)]
  0x00000296818332f0 JavaThread "Unconstrained build operations Thread 3"        [_thread_blocked, id=19024, stack(0x000000c9cb300000,0x000000c9cb400000) (1024K)]
  0x0000029681833980 JavaThread "Unconstrained build operations Thread 4"        [_thread_blocked, id=18152, stack(0x000000c9cb400000,0x000000c9cb500000) (1024K)]
  0x0000029681834010 JavaThread "Unconstrained build operations Thread 5"        [_thread_blocked, id=6044, stack(0x000000c9cb500000,0x000000c9cb600000) (1024K)]
  0x00000296848ae410 JavaThread "Unconstrained build operations Thread 6"        [_thread_blocked, id=896, stack(0x000000c9cb600000,0x000000c9cb700000) (1024K)]
  0x00000296848b25b0 JavaThread "Unconstrained build operations Thread 7"        [_thread_blocked, id=11624, stack(0x000000c9cb700000,0x000000c9cb800000) (1024K)]
  0x00000296848ad060 JavaThread "Unconstrained build operations Thread 8"        [_thread_blocked, id=17188, stack(0x000000c9cb800000,0x000000c9cb900000) (1024K)]
  0x00000296848b32d0 JavaThread "Unconstrained build operations Thread 9"        [_thread_blocked, id=18008, stack(0x000000c9cb900000,0x000000c9cba00000) (1024K)]
  0x00000296848b4680 JavaThread "Unconstrained build operations Thread 10"        [_thread_blocked, id=18064, stack(0x000000c9cba00000,0x000000c9cbb00000) (1024K)]
  0x00000296848ad6f0 JavaThread "Unconstrained build operations Thread 11"        [_thread_blocked, id=2708, stack(0x000000c9cbb00000,0x000000c9cbc00000) (1024K)]
  0x00000296848b3ff0 JavaThread "Unconstrained build operations Thread 12"        [_thread_blocked, id=4328, stack(0x000000c9cbc00000,0x000000c9cbd00000) (1024K)]
  0x00000296848b1890 JavaThread "Unconstrained build operations Thread 13"        [_thread_blocked, id=17392, stack(0x000000c9cbd00000,0x000000c9cbe00000) (1024K)]
  0x00000296848afe50 JavaThread "Unconstrained build operations Thread 14"        [_thread_blocked, id=7672, stack(0x000000c9cbe00000,0x000000c9cbf00000) (1024K)]
  0x00000296848b2c40 JavaThread "jar transforms Thread 4"           [_thread_blocked, id=18268, stack(0x000000c9cab00000,0x000000c9cac00000) (1024K)]
  0x00000296848b1200 JavaThread "jar transforms Thread 5"           [_thread_blocked, id=19752, stack(0x000000c9cbf00000,0x000000c9cc000000) (1024K)]
  0x00000296848add80 JavaThread "Unconstrained build operations Thread 15"        [_thread_blocked, id=19588, stack(0x000000c9cc000000,0x000000c9cc100000) (1024K)]
  0x00000296848af7c0 JavaThread "Unconstrained build operations Thread 16"        [_thread_blocked, id=1652, stack(0x000000c9cc100000,0x000000c9cc200000) (1024K)]
  0x00000296848b3960 JavaThread "Unconstrained build operations Thread 17"        [_thread_blocked, id=9100, stack(0x000000c9cc200000,0x000000c9cc300000) (1024K)]
  0x00000296848b0b70 JavaThread "Unconstrained build operations Thread 18"        [_thread_blocked, id=17148, stack(0x000000c9cc300000,0x000000c9cc400000) (1024K)]
  0x00000296848aeaa0 JavaThread "Unconstrained build operations Thread 19"        [_thread_blocked, id=19200, stack(0x000000c9cc400000,0x000000c9cc500000) (1024K)]
  0x00000296848af130 JavaThread "Unconstrained build operations Thread 20"        [_thread_blocked, id=9532, stack(0x000000c9cc500000,0x000000c9cc600000) (1024K)]
  0x00000296848b1f20 JavaThread "Unconstrained build operations Thread 21"        [_thread_blocked, id=7760, stack(0x000000c9cc600000,0x000000c9cc700000) (1024K)]
  0x00000296848b04e0 JavaThread "jar transforms Thread 6"           [_thread_blocked, id=20332, stack(0x000000c9cc700000,0x000000c9cc800000) (1024K)]
  0x0000029683061b40 JavaThread "jar transforms Thread 7"           [_thread_blocked, id=20044, stack(0x000000c9cc800000,0x000000c9cc900000) (1024K)]
  0x0000029683066a00 JavaThread "jar transforms Thread 8"           [_thread_blocked, id=18300, stack(0x000000c9cc900000,0x000000c9cca00000) (1024K)]
  0x0000029683064930 JavaThread "Unconstrained build operations Thread 22"        [_thread_blocked, id=19844, stack(0x000000c9ccb00000,0x000000c9ccc00000) (1024K)]
  0x00000296830642a0 JavaThread "Unconstrained build operations Thread 23"        [_thread_blocked, id=5020, stack(0x000000c9ccc00000,0x000000c9ccd00000) (1024K)]
  0x0000029683067db0 JavaThread "Unconstrained build operations Thread 24"        [_thread_blocked, id=6112, stack(0x000000c9ccd00000,0x000000c9cce00000) (1024K)]
  0x00000296830621d0 JavaThread "Unconstrained build operations Thread 25"        [_thread_blocked, id=18108, stack(0x000000c9ccf00000,0x000000c9cd000000) (1024K)]
  0x0000029683062ef0 JavaThread "Unconstrained build operations Thread 26"        [_thread_blocked, id=2532, stack(0x000000c9cd000000,0x000000c9cd100000) (1024K)]
  0x0000029683063580 JavaThread "Unconstrained build operations Thread 27"        [_thread_blocked, id=18496, stack(0x000000c9cd100000,0x000000c9cd200000) (1024K)]
  0x0000029684218c60 JavaThread "Unconstrained build operations Thread 28"        [_thread_blocked, id=14388, stack(0x000000c9cd200000,0x000000c9cd300000) (1024K)]
  0x00000296842192f0 JavaThread "Unconstrained build operations Thread 29"        [_thread_blocked, id=19120, stack(0x000000c9cd300000,0x000000c9cd400000) (1024K)]
  0x0000029684219980 JavaThread "Unconstrained build operations Thread 30"        [_thread_blocked, id=5084, stack(0x000000c9cd400000,0x000000c9cd500000) (1024K)]
  0x0000029684217220 JavaThread "Unconstrained build operations Thread 31"        [_thread_blocked, id=6320, stack(0x000000c9cd500000,0x000000c9cd600000) (1024K)]
  0x000002968421ce00 JavaThread "Unconstrained build operations Thread 32"        [_thread_blocked, id=20424, stack(0x000000c9cd600000,0x000000c9cd700000) (1024K)]
  0x000002968421db20 JavaThread "Unconstrained build operations Thread 33"        [_thread_blocked, id=5388, stack(0x000000c9cd700000,0x000000c9cd800000) (1024K)]
  0x000002968421a6a0 JavaThread "Unconstrained build operations Thread 34"        [_thread_blocked, id=20156, stack(0x000000c9cd800000,0x000000c9cd900000) (1024K)]
  0x00000296842178b0 JavaThread "Unconstrained build operations Thread 35"        [_thread_blocked, id=20144, stack(0x000000c9cd900000,0x000000c9cda00000) (1024K)]
  0x0000029684217f40 JavaThread "Unconstrained build operations Thread 36"        [_thread_blocked, id=3588, stack(0x000000c9cda00000,0x000000c9cdb00000) (1024K)]
  0x00000296842185d0 JavaThread "Unconstrained build operations Thread 37"        [_thread_blocked, id=20176, stack(0x000000c9cdb00000,0x000000c9cdc00000) (1024K)]
  0x000002968421c0e0 JavaThread "Unconstrained build operations Thread 38"        [_thread_blocked, id=19792, stack(0x000000c9cdc00000,0x000000c9cdd00000) (1024K)]
  0x000002968421a010 JavaThread "Unconstrained build operations Thread 39"        [_thread_blocked, id=3388, stack(0x000000c9cdd00000,0x000000c9cde00000) (1024K)]
  0x000002968421ba50 JavaThread "Unconstrained build operations Thread 40"        [_thread_blocked, id=12896, stack(0x000000c9cde00000,0x000000c9cdf00000) (1024K)]
  0x000002968421ad30 JavaThread "Unconstrained build operations Thread 41"        [_thread_blocked, id=704, stack(0x000000c9cdf00000,0x000000c9ce000000) (1024K)]
  0x000002968421c770 JavaThread "Unconstrained build operations Thread 42"        [_thread_blocked, id=652, stack(0x000000c9ce000000,0x000000c9ce100000) (1024K)]
  0x000002968421d490 JavaThread "Unconstrained build operations Thread 43"        [_thread_blocked, id=20296, stack(0x000000c9ce100000,0x000000c9ce200000) (1024K)]
  0x0000029684216b90 JavaThread "Unconstrained build operations Thread 44"        [_thread_blocked, id=17840, stack(0x000000c9ce200000,0x000000c9ce300000) (1024K)]
  0x000002968421e1b0 JavaThread "Unconstrained build operations Thread 45"        [_thread_blocked, id=18848, stack(0x000000c9ce300000,0x000000c9ce400000) (1024K)]
  0x0000029680328980 JavaThread "build event listener"              [_thread_blocked, id=19244, stack(0x000000c9cce00000,0x000000c9ccf00000) (1024K)]
  0x00000296803296a0 JavaThread "Memory manager"                    [_thread_blocked, id=15488, stack(0x000000c9ce400000,0x000000c9ce500000) (1024K)]
  0x000002968259a320 JavaThread "build event listener"              [_thread_blocked, id=9816, stack(0x000000c9ce500000,0x000000c9ce600000) (1024K)]
  0x00000296858593e0 JavaThread "pool-3-thread-1"                   [_thread_blocked, id=13932, stack(0x000000c9ce700000,0x000000c9ce800000) (1024K)]
  0x000002968585a100 JavaThread "build event listener"              [_thread_blocked, id=4172, stack(0x000000c9ce800000,0x000000c9ce900000) (1024K)]
  0x000002968585d580 JavaThread "included builds"                   [_thread_blocked, id=7736, stack(0x000000c9ce900000,0x000000c9cea00000) (1024K)]
  0x0000029685857310 JavaThread "Execution worker"                  [_thread_in_Java, id=6964, stack(0x000000c9cea00000,0x000000c9ceb00000) (1024K)]
  0x000002968585a790 JavaThread "Execution worker Thread 2"         [_thread_blocked, id=11636, stack(0x000000c9ceb00000,0x000000c9cec00000) (1024K)]
  0x0000029685858030 JavaThread "Execution worker Thread 3"         [_thread_blocked, id=19056, stack(0x000000c9cec00000,0x000000c9ced00000) (1024K)]
  0x000002968585c860 JavaThread "Execution worker Thread 4"         [_thread_blocked, id=19284, stack(0x000000c9ced00000,0x000000c9cee00000) (1024K)]
  0x00000296858565f0 JavaThread "Execution worker Thread 5"         [_thread_blocked, id=20112, stack(0x000000c9cee00000,0x000000c9cef00000) (1024K)]
  0x00000296858579a0 JavaThread "Execution worker Thread 6"         [_thread_blocked, id=11864, stack(0x000000c9cef00000,0x000000c9cf000000) (1024K)]
  0x000002968585ae20 JavaThread "Execution worker Thread 7"         [_thread_blocked, id=1236, stack(0x000000c9cf000000,0x000000c9cf100000) (1024K)]
  0x000002968585c1d0 JavaThread "Cache worker for execution history cache (C:\Users\breno\Desktop\TCC senai\.gradle\9.3.1\executionHistory)"        [_thread_blocked, id=7188, stack(0x000000c9cf100000,0x000000c9cf200000) (1024K)]
  0x000002968585b4b0 JavaThread "Unconstrained build operations Thread 46"        [_thread_blocked, id=14192, stack(0x000000c9cf200000,0x000000c9cf300000) (1024K)]
  0x000002968585bb40 JavaThread "Unconstrained build operations Thread 47"        [_thread_blocked, id=13076, stack(0x000000c9cf300000,0x000000c9cf400000) (1024K)]
  0x000002968585cef0 JavaThread "Unconstrained build operations Thread 48"        [_thread_blocked, id=8832, stack(0x000000c9cf400000,0x000000c9cf500000) (1024K)]
  0x0000029685856c80 JavaThread "Unconstrained build operations Thread 49"        [_thread_blocked, id=1276, stack(0x000000c9cf500000,0x000000c9cf600000) (1024K)]
  0x00000296858586c0 JavaThread "Unconstrained build operations Thread 50"        [_thread_blocked, id=16464, stack(0x000000c9cf600000,0x000000c9cf700000) (1024K)]
  0x0000029680329010 JavaThread "Unconstrained build operations Thread 51"        [_thread_blocked, id=20360, stack(0x000000c9cf700000,0x000000c9cf800000) (1024K)]
  0x000002968032b0e0 JavaThread "Unconstrained build operations Thread 52"        [_thread_blocked, id=3248, stack(0x000000c9cf800000,0x000000c9cf900000) (1024K)]
  0x0000029685cbb180 JavaThread "Unconstrained build operations Thread 53"        [_thread_blocked, id=7292, stack(0x000000c9cf900000,0x000000c9cfa00000) (1024K)]
  0x0000029685cbb810 JavaThread "Unconstrained build operations Thread 54"        [_thread_blocked, id=8256, stack(0x000000c9cfa00000,0x000000c9cfb00000) (1024K)]
  0x0000029685cbcbc0 JavaThread "Unconstrained build operations Thread 55"        [_thread_blocked, id=8120, stack(0x000000c9cfb00000,0x000000c9cfc00000) (1024K)]
  0x0000029685cbe600 JavaThread "Unconstrained build operations Thread 56"        [_thread_blocked, id=4304, stack(0x000000c9cfc00000,0x000000c9cfd00000) (1024K)]
  0x0000029685cbec90 JavaThread "Unconstrained build operations Thread 57"        [_thread_blocked, id=6024, stack(0x000000c9cfd00000,0x000000c9cfe00000) (1024K)]
  0x0000029685cbbea0 JavaThread "Unconstrained build operations Thread 58"        [_thread_blocked, id=1112, stack(0x000000c9cfe00000,0x000000c9cff00000) (1024K)]
  0x0000029685cc0040 JavaThread "Unconstrained build operations Thread 59"        [_thread_blocked, id=20240, stack(0x000000c9cff00000,0x000000c9d0000000) (1024K)]
  0x0000029685cba460 JavaThread "Unconstrained build operations Thread 60"        [_thread_blocked, id=4896, stack(0x000000c9d0000000,0x000000c9d0100000) (1024K)]
  0x0000029685cbaaf0 JavaThread "Unconstrained build operations Thread 61"        [_thread_blocked, id=19552, stack(0x000000c9d0100000,0x000000c9d0200000) (1024K)]
  0x0000029685cbdf70 JavaThread "Unconstrained build operations Thread 62"        [_thread_blocked, id=20284, stack(0x000000c9d0200000,0x000000c9d0300000) (1024K)]
  0x0000029685cbf320 JavaThread "Unconstrained build operations Thread 63"        [_thread_blocked, id=12552, stack(0x000000c9d0300000,0x000000c9d0400000) (1024K)]
  0x0000029685cbc530 JavaThread "Unconstrained build operations Thread 64"        [_thread_blocked, id=10140, stack(0x000000c9d0400000,0x000000c9d0500000) (1024K)]
  0x0000029685cb90b0 JavaThread "Unconstrained build operations Thread 65"        [_thread_blocked, id=14228, stack(0x000000c9d0500000,0x000000c9d0600000) (1024K)]
  0x0000029685cbd250 JavaThread "Unconstrained build operations Thread 66"        [_thread_in_Java, id=12652, stack(0x000000c9d0600000,0x000000c9d0700000) (1024K)]
  0x0000029685cbf9b0 JavaThread "Unconstrained build operations Thread 67"        [_thread_blocked, id=8544, stack(0x000000c9d0700000,0x000000c9d0800000) (1024K)]
  0x0000029685cb9dd0 JavaThread "Unconstrained build operations Thread 68"        [_thread_in_Java, id=14000, stack(0x000000c9d0800000,0x000000c9d0900000) (1024K)]
  0x0000029685cbd8e0 JavaThread "Unconstrained build operations Thread 69"        [_thread_blocked, id=8128, stack(0x000000c9d0900000,0x000000c9d0a00000) (1024K)]
  0x000002968259de30 JavaThread "Unconstrained build operations Thread 70"        [_thread_in_vm, id=5932, stack(0x000000c9d0a00000,0x000000c9d0b00000) (1024K)]
  0x000002968259f870 JavaThread "Unconstrained build operations Thread 71"        [_thread_in_Java, id=18944, stack(0x000000c9d0b00000,0x000000c9d0c00000) (1024K)]
  0x00000296825a0590 JavaThread "Unconstrained build operations Thread 72"        [_thread_in_Java, id=7764, stack(0x000000c9d0c00000,0x000000c9d0d00000) (1024K)]
  0x0000029683065ce0 JavaThread "Unconstrained build operations Thread 73"        [_thread_in_Java, id=12380, stack(0x000000c9d0d00000,0x000000c9d0e00000) (1024K)]
  0x0000029683066370 JavaThread "Unconstrained build operations Thread 74"        [_thread_in_Java, id=476, stack(0x000000c9d0e00000,0x000000c9d0f00000) (1024K)]
  0x000002968032a3c0 JavaThread "Unconstrained build operations Thread 75"        [_thread_blocked, id=18468, stack(0x000000c9d0f00000,0x000000c9d1000000) (1024K)]
  0x000002968be9eef0 JavaThread "WorkerExecutor Queue"              [_thread_blocked, id=6900, stack(0x000000c9ce600000,0x000000c9ce700000) (1024K)]
  0x000002968be9f580 JavaThread "Unconstrained build operations Thread 76"        [_thread_blocked, id=1500, stack(0x000000c9d1000000,0x000000c9d1100000) (1024K)]
  0x000002968be99310 JavaThread "Unconstrained build operations Thread 77"        [_thread_blocked, id=2756, stack(0x000000c9d1100000,0x000000c9d1200000) (1024K)]
  0x0000029684e38780 JavaThread "Unconstrained build operations Thread 78"        [_thread_blocked, id=18736, stack(0x000000c9d1200000,0x000000c9d1300000) (1024K)]
  0x0000029684e3a1c0 JavaThread "Unconstrained build operations Thread 79"        [_thread_blocked, id=17788, stack(0x000000c9d1300000,0x000000c9d1400000) (1024K)]
  0x0000029684e3b570 JavaThread "Unconstrained build operations Thread 80"        [_thread_blocked, id=12564, stack(0x000000c9d1400000,0x000000c9d1500000) (1024K)]
  0x0000029684e36d40 JavaThread "RMI Scheduler(0)"           daemon [_thread_blocked, id=8780, stack(0x000000c9cca00000,0x000000c9ccb00000) (1024K)]
  0x0000029684e380f0 JavaThread "RMI GC Daemon"              daemon [_thread_blocked, id=18900, stack(0x000000c9d1600000,0x000000c9d1700000) (1024K)]
  0x0000029684e37a60 JavaThread "RMI TCP Accept-0"           daemon [_thread_in_native, id=5924, stack(0x000000c9d1800000,0x000000c9d1900000) (1024K)]
  0x0000029684e39b30 JavaThread "RMI Reaper"                        [_thread_blocked, id=18556, stack(0x000000c9d1900000,0x000000c9d1a00000) (1024K)]
  0x0000029684e35990 JavaThread "RMI TCP Connection(2)-127.0.0.1" daemon [_thread_in_native, id=8500, stack(0x000000c9d1a00000,0x000000c9d1b00000) (1024K)]
  0x0000029684a376f0 JavaThread "C2 CompilerThread1"         daemon [_thread_in_native, id=19928, stack(0x000000c9c7b00000,0x000000c9c7c00000) (1024K)]
Total: 141

Other Threads:
  0x00000296f9c776a0 VMThread "VM Thread"                           [id=11528, stack(0x000000c9c8500000,0x000000c9c8600000) (1024K)]
  0x00000296f9c342a0 WatcherThread "VM Periodic Task Thread"        [id=12468, stack(0x000000c9c8400000,0x000000c9c8500000) (1024K)]
  0x00000296e25c7dc0 WorkerThread "GC Thread#0"                     [id=12004, stack(0x000000c9c7f00000,0x000000c9c8000000) (1024K)]
  0x00000296f9c76f40 WorkerThread "GC Thread#1"                     [id=13476, stack(0x000000c9c9100000,0x000000c9c9200000) (1024K)]
  0x00000296f9c76430 WorkerThread "GC Thread#2"                     [id=6524, stack(0x000000c9c9200000,0x000000c9c9300000) (1024K)]
  0x00000296f9c767e0 WorkerThread "GC Thread#3"                     [id=18172, stack(0x000000c9c9400000,0x000000c9c9500000) (1024K)]
  0x00000296f9c77e00 WorkerThread "GC Thread#4"                     [id=19408, stack(0x000000c9c9500000,0x000000c9c9600000) (1024K)]
  0x000002968051c090 WorkerThread "GC Thread#5"                     [id=19308, stack(0x000000c9c9000000,0x000000c9c9100000) (1024K)]
  0x000002968051aa70 WorkerThread "GC Thread#6"                     [id=19492, stack(0x000000c9c9300000,0x000000c9c9400000) (1024K)]
  0x000002968051c440 WorkerThread "GC Thread#7"                     [id=8716, stack(0x000000c9c9600000,0x000000c9c9700000) (1024K)]
  0x00000296e25d90e0 ConcurrentGCThread "G1 Main Marker"            [id=10920, stack(0x000000c9c8000000,0x000000c9c8100000) (1024K)]
  0x00000296e25db550 WorkerThread "G1 Conc#0"                       [id=2232, stack(0x000000c9c8100000,0x000000c9c8200000) (1024K)]
  0x000002968051c7f0 WorkerThread "G1 Conc#1"                       [id=11076, stack(0x000000c9c9f00000,0x000000c9ca000000) (1024K)]
  0x00000296f9af9c60 ConcurrentGCThread "G1 Refine#0"               [id=7032, stack(0x000000c9c8200000,0x000000c9c8300000) (1024K)]
  0x00000296f9afa490 ConcurrentGCThread "G1 Service"                [id=3128, stack(0x000000c9c8300000,0x000000c9c8400000) (1024K)]
Total: 15

Threads with active compile tasks:
C2 CompilerThread0  62354 15251   !   4       java.nio.file.Files::walkFileTree (297 bytes)
C2 CompilerThread1  62354 15259       4       com.google.common.collect.ImmutableSortedMap::fromEntries (353 bytes)
Total: 2

VM state: not at safepoint (normal execution)

VM Mutex/Monitor currently owned by a thread: None

Heap address: 0x0000000080000000, size: 2048 MB, Compressed Oops mode: 32-bit

CDS archive(s) not mapped
Compressed class space mapped at: 0x0000000100000000-0x0000000140000000, reserved size: 1073741824
Narrow klass base: 0x0000000000000000, Narrow klass shift: 3, Narrow klass range: 0x140000000

GC Precious Log:
 CardTable entry size: 512
 Card Set container configuration: InlinePtr #cards 5 size 8 Array Of Cards #cards 12 size 40 Howl #buckets 4 coarsen threshold 1843 Howl Bitmap #cards 512 size 80 coarsen threshold 460 Card regions per heap region 1 cards per card region 2048
 CPUs: 8 total, 8 available
 Memory: 8156M
 Large Page Support: Disabled
 NUMA Support: Disabled
 Compressed Oops: Enabled (32-bit)
 Heap Region Size: 1M
 Heap Min Capacity: 8M
 Heap Initial Capacity: 128M
 Heap Max Capacity: 2G
 Pre-touch: Disabled
 Parallel Workers: 8
 Concurrent Workers: 2
 Concurrent Refinement Workers: 8
 Periodic GC: Disabled

Heap:
 garbage-first heap   total 395264K, used 177192K [0x0000000080000000, 0x0000000100000000)
  region size 1024K, 56 young (57344K), 16 survivors (16384K)
 Metaspace       used 123716K, committed 126144K, reserved 1179648K
  class space    used 17324K, committed 18496K, reserved 1048576K

Heap Regions: E=young(eden), S=young(survivor), O=old, HS=humongous(starts), HC=humongous(continues), CS=collection set, F=free, TAMS=top-at-mark-start, PB=parsable bottom
|   0|0x0000000080000000, 0x0000000080100000, 0x0000000080100000|100%|HS|  |TAMS 0x0000000080000000| PB 0x0000000080000000| Complete 
|   1|0x0000000080100000, 0x0000000080200000, 0x0000000080200000|100%|HC|  |TAMS 0x0000000080100000| PB 0x0000000080100000| Complete 
|   2|0x0000000080200000, 0x0000000080300000, 0x0000000080300000|100%|HC|  |TAMS 0x0000000080200000| PB 0x0000000080200000| Complete 
|   3|0x0000000080300000, 0x0000000080400000, 0x0000000080400000|100%|HC|  |TAMS 0x0000000080300000| PB 0x0000000080300000| Complete 
|   4|0x0000000080400000, 0x0000000080500000, 0x0000000080500000|100%| O|  |TAMS 0x0000000080400000| PB 0x0000000080400000| Untracked 
|   5|0x0000000080500000, 0x0000000080600000, 0x0000000080600000|100%| O|  |TAMS 0x0000000080500000| PB 0x0000000080500000| Untracked 
|   6|0x0000000080600000, 0x0000000080700000, 0x0000000080700000|100%|HS|  |TAMS 0x0000000080600000| PB 0x0000000080600000| Complete 
|   7|0x0000000080700000, 0x0000000080800000, 0x0000000080800000|100%| O|  |TAMS 0x0000000080700000| PB 0x0000000080700000| Untracked 
|   8|0x0000000080800000, 0x0000000080900000, 0x0000000080900000|100%| O|  |TAMS 0x0000000080800000| PB 0x0000000080800000| Untracked 
|   9|0x0000000080900000, 0x0000000080a00000, 0x0000000080a00000|100%| O|  |TAMS 0x0000000080900000| PB 0x0000000080900000| Untracked 
|  10|0x0000000080a00000, 0x0000000080b00000, 0x0000000080b00000|100%| O|  |TAMS 0x0000000080a00000| PB 0x0000000080a00000| Untracked 
|  11|0x0000000080b00000, 0x0000000080c00000, 0x0000000080c00000|100%| O|  |TAMS 0x0000000080b00000| PB 0x0000000080b00000| Untracked 
|  12|0x0000000080c00000, 0x0000000080d00000, 0x0000000080d00000|100%| O|  |TAMS 0x0000000080c00000| PB 0x0000000080c00000| Untracked 
|  13|0x0000000080d00000, 0x0000000080e00000, 0x0000000080e00000|100%| O|  |TAMS 0x0000000080d00000| PB 0x0000000080d00000| Untracked 
|  14|0x0000000080e00000, 0x0000000080f00000, 0x0000000080f00000|100%| O|  |TAMS 0x0000000080e00000| PB 0x0000000080e00000| Untracked 
|  15|0x0000000080f00000, 0x0000000081000000, 0x0000000081000000|100%| O|  |TAMS 0x0000000080f00000| PB 0x0000000080f00000| Untracked 
|  16|0x0000000081000000, 0x0000000081100000, 0x0000000081100000|100%| O|  |TAMS 0x0000000081000000| PB 0x0000000081000000| Untracked 
|  17|0x0000000081100000, 0x0000000081200000, 0x0000000081200000|100%| O|  |TAMS 0x0000000081100000| PB 0x0000000081100000| Untracked 
|  18|0x0000000081200000, 0x0000000081300000, 0x0000000081300000|100%| O|  |TAMS 0x0000000081200000| PB 0x0000000081200000| Untracked 
|  19|0x0000000081300000, 0x0000000081400000, 0x0000000081400000|100%| O|  |TAMS 0x0000000081300000| PB 0x0000000081300000| Untracked 
|  20|0x0000000081400000, 0x0000000081500000, 0x0000000081500000|100%| O|  |TAMS 0x0000000081400000| PB 0x0000000081400000| Untracked 
|  21|0x0000000081500000, 0x0000000081600000, 0x0000000081600000|100%| O|  |TAMS 0x0000000081500000| PB 0x0000000081500000| Untracked 
|  22|0x0000000081600000, 0x0000000081700000, 0x0000000081700000|100%| O|  |TAMS 0x0000000081600000| PB 0x0000000081600000| Untracked 
|  23|0x0000000081700000, 0x0000000081800000, 0x0000000081800000|100%| O|  |TAMS 0x0000000081700000| PB 0x0000000081700000| Untracked 
|  24|0x0000000081800000, 0x0000000081900000, 0x0000000081900000|100%| O|  |TAMS 0x0000000081800000| PB 0x0000000081800000| Untracked 
|  25|0x0000000081900000, 0x0000000081a00000, 0x0000000081a00000|100%| O|  |TAMS 0x0000000081900000| PB 0x0000000081900000| Untracked 
|  26|0x0000000081a00000, 0x0000000081b00000, 0x0000000081b00000|100%| O|  |TAMS 0x0000000081a00000| PB 0x0000000081a00000| Untracked 
|  27|0x0000000081b00000, 0x0000000081c00000, 0x0000000081c00000|100%| O|  |TAMS 0x0000000081b00000| PB 0x0000000081b00000| Untracked 
|  28|0x0000000081c00000, 0x0000000081d00000, 0x0000000081d00000|100%| O|  |TAMS 0x0000000081c00000| PB 0x0000000081c00000| Untracked 
|  29|0x0000000081d00000, 0x0000000081e00000, 0x0000000081e00000|100%| O|  |TAMS 0x0000000081d00000| PB 0x0000000081d00000| Untracked 
|  30|0x0000000081e00000, 0x0000000081f00000, 0x0000000081f00000|100%| O|  |TAMS 0x0000000081e00000| PB 0x0000000081e00000| Untracked 
|  31|0x0000000081f00000, 0x0000000082000000, 0x0000000082000000|100%| O|  |TAMS 0x0000000081f00000| PB 0x0000000081f00000| Untracked 
|  32|0x0000000082000000, 0x0000000082100000, 0x0000000082100000|100%| O|  |TAMS 0x0000000082000000| PB 0x0000000082000000| Untracked 
|  33|0x0000000082100000, 0x0000000082200000, 0x0000000082200000|100%|HS|  |TAMS 0x0000000082100000| PB 0x0000000082100000| Complete 
|  34|0x0000000082200000, 0x0000000082300000, 0x0000000082300000|100%|HC|  |TAMS 0x0000000082200000| PB 0x0000000082200000| Complete 
|  35|0x0000000082300000, 0x0000000082400000, 0x0000000082400000|100%| O|  |TAMS 0x0000000082300000| PB 0x0000000082300000| Untracked 
|  36|0x0000000082400000, 0x0000000082500000, 0x0000000082500000|100%| O|  |TAMS 0x0000000082400000| PB 0x0000000082400000| Untracked 
|  37|0x0000000082500000, 0x0000000082600000, 0x0000000082600000|100%| O|  |TAMS 0x0000000082500000| PB 0x0000000082500000| Untracked 
|  38|0x0000000082600000, 0x0000000082700000, 0x0000000082700000|100%| O|  |TAMS 0x0000000082600000| PB 0x0000000082600000| Untracked 
|  39|0x0000000082700000, 0x0000000082800000, 0x0000000082800000|100%| O|  |TAMS 0x0000000082700000| PB 0x0000000082700000| Untracked 
|  40|0x0000000082800000, 0x0000000082900000, 0x0000000082900000|100%| O|  |TAMS 0x0000000082800000| PB 0x0000000082800000| Untracked 
|  41|0x0000000082900000, 0x0000000082a00000, 0x0000000082a00000|100%| O|  |TAMS 0x0000000082900000| PB 0x0000000082900000| Untracked 
|  42|0x0000000082a00000, 0x0000000082b00000, 0x0000000082b00000|100%| O|  |TAMS 0x0000000082a00000| PB 0x0000000082a00000| Untracked 
|  43|0x0000000082b00000, 0x0000000082c00000, 0x0000000082c00000|100%| O|  |TAMS 0x0000000082b00000| PB 0x0000000082b00000| Untracked 
|  44|0x0000000082c00000, 0x0000000082d00000, 0x0000000082d00000|100%| O|  |TAMS 0x0000000082c00000| PB 0x0000000082c00000| Untracked 
|  45|0x0000000082d00000, 0x0000000082e00000, 0x0000000082e00000|100%| O|  |TAMS 0x0000000082d00000| PB 0x0000000082d00000| Untracked 
|  46|0x0000000082e00000, 0x0000000082e0a140, 0x0000000082f00000|  3%| O|  |TAMS 0x0000000082e00000| PB 0x0000000082e00000| Untracked 
|  47|0x0000000082f00000, 0x0000000083000000, 0x0000000083000000|100%| O|  |TAMS 0x0000000082f00000| PB 0x0000000082f00000| Untracked 
|  48|0x0000000083000000, 0x0000000083100000, 0x0000000083100000|100%| O|  |TAMS 0x0000000083000000| PB 0x0000000083000000| Untracked 
|  49|0x0000000083100000, 0x0000000083200000, 0x0000000083200000|100%|HS|  |TAMS 0x0000000083100000| PB 0x0000000083100000| Complete 
|  50|0x0000000083200000, 0x0000000083300000, 0x0000000083300000|100%| O|Cm|TAMS 0x0000000083200000| PB 0x0000000083200000| Complete 
|  51|0x0000000083300000, 0x0000000083400000, 0x0000000083400000|100%| O|  |TAMS 0x0000000083300000| PB 0x0000000083300000| Untracked 
|  52|0x0000000083400000, 0x0000000083500000, 0x0000000083500000|100%|HS|  |TAMS 0x0000000083400000| PB 0x0000000083400000| Complete 
|  53|0x0000000083500000, 0x0000000083600000, 0x0000000083600000|100%| O|  |TAMS 0x0000000083500000| PB 0x0000000083500000| Untracked 
|  54|0x0000000083600000, 0x0000000083700000, 0x0000000083700000|100%| O|  |TAMS 0x0000000083600000| PB 0x0000000083600000| Untracked 
|  55|0x0000000083700000, 0x0000000083800000, 0x0000000083800000|100%| O|  |TAMS 0x0000000083700000| PB 0x0000000083700000| Untracked 
|  56|0x0000000083800000, 0x0000000083900000, 0x0000000083900000|100%| O|  |TAMS 0x0000000083800000| PB 0x0000000083800000| Untracked 
|  57|0x0000000083900000, 0x0000000083a00000, 0x0000000083a00000|100%|HS|  |TAMS 0x0000000083900000| PB 0x0000000083900000| Complete 
|  58|0x0000000083a00000, 0x0000000083b00000, 0x0000000083b00000|100%|HC|  |TAMS 0x0000000083a00000| PB 0x0000000083a00000| Complete 
|  59|0x0000000083b00000, 0x0000000083c00000, 0x0000000083c00000|100%|HS|  |TAMS 0x0000000083b00000| PB 0x0000000083b00000| Complete 
|  60|0x0000000083c00000, 0x0000000083d00000, 0x0000000083d00000|100%|HS|  |TAMS 0x0000000083c00000| PB 0x0000000083c00000| Complete 
|  61|0x0000000083d00000, 0x0000000083e00000, 0x0000000083e00000|100%| O|  |TAMS 0x0000000083d00000| PB 0x0000000083d00000| Untracked 
|  62|0x0000000083e00000, 0x0000000083f00000, 0x0000000083f00000|100%|HS|  |TAMS 0x0000000083e00000| PB 0x0000000083e00000| Complete 
|  63|0x0000000083f00000, 0x0000000084000000, 0x0000000084000000|100%|HS|  |TAMS 0x0000000083f00000| PB 0x0000000083f00000| Complete 
|  64|0x0000000084000000, 0x0000000084100000, 0x0000000084100000|100%|HS|  |TAMS 0x0000000084000000| PB 0x0000000084000000| Complete 
|  65|0x0000000084100000, 0x0000000084200000, 0x0000000084200000|100%|HC|  |TAMS 0x0000000084100000| PB 0x0000000084100000| Complete 
|  66|0x0000000084200000, 0x0000000084300000, 0x0000000084300000|100%| O|  |TAMS 0x0000000084200000| PB 0x0000000084200000| Untracked 
|  67|0x0000000084300000, 0x0000000084300000, 0x0000000084400000|  0%| F|  |TAMS 0x0000000084300000| PB 0x0000000084300000| Untracked 
|  68|0x0000000084400000, 0x0000000084500000, 0x0000000084500000|100%|HS|  |TAMS 0x0000000084400000| PB 0x0000000084400000| Complete 
|  69|0x0000000084500000, 0x0000000084600000, 0x0000000084600000|100%| O|  |TAMS 0x0000000084500000| PB 0x0000000084500000| Untracked 
|  70|0x0000000084600000, 0x0000000084700000, 0x0000000084700000|100%| O|  |TAMS 0x0000000084600000| PB 0x0000000084600000| Untracked 
|  71|0x0000000084700000, 0x0000000084800000, 0x0000000084800000|100%| O|  |TAMS 0x0000000084700000| PB 0x0000000084700000| Untracked 
|  72|0x0000000084800000, 0x0000000084900000, 0x0000000084900000|100%| O|  |TAMS 0x0000000084800000| PB 0x0000000084800000| Untracked 
|  73|0x0000000084900000, 0x0000000084a00000, 0x0000000084a00000|100%| O|  |TAMS 0x0000000084900000| PB 0x0000000084900000| Untracked 
|  74|0x0000000084a00000, 0x0000000084b00000, 0x0000000084b00000|100%| O|  |TAMS 0x0000000084a00000| PB 0x0000000084a00000| Untracked 
|  75|0x0000000084b00000, 0x0000000084c00000, 0x0000000084c00000|100%| O|  |TAMS 0x0000000084b00000| PB 0x0000000084b00000| Untracked 
|  76|0x0000000084c00000, 0x0000000084d00000, 0x0000000084d00000|100%| O|  |TAMS 0x0000000084c00000| PB 0x0000000084c00000| Untracked 
|  77|0x0000000084d00000, 0x0000000084e00000, 0x0000000084e00000|100%| O|  |TAMS 0x0000000084d00000| PB 0x0000000084d00000| Untracked 
|  78|0x0000000084e00000, 0x0000000084f00000, 0x0000000084f00000|100%| O|  |TAMS 0x0000000084e00000| PB 0x0000000084e00000| Untracked 
|  79|0x0000000084f00000, 0x0000000085000000, 0x0000000085000000|100%| O|  |TAMS 0x0000000084f00000| PB 0x0000000084f00000| Untracked 
|  80|0x0000000085000000, 0x0000000085100000, 0x0000000085100000|100%| O|  |TAMS 0x0000000085000000| PB 0x0000000085000000| Untracked 
|  81|0x0000000085100000, 0x0000000085200000, 0x0000000085200000|100%| O|  |TAMS 0x0000000085100000| PB 0x0000000085100000| Untracked 
|  82|0x0000000085200000, 0x0000000085300000, 0x0000000085300000|100%| O|  |TAMS 0x0000000085200000| PB 0x0000000085200000| Untracked 
|  83|0x0000000085300000, 0x0000000085400000, 0x0000000085400000|100%| O|  |TAMS 0x0000000085300000| PB 0x0000000085300000| Untracked 
|  84|0x0000000085400000, 0x0000000085500000, 0x0000000085500000|100%| O|  |TAMS 0x0000000085400000| PB 0x0000000085400000| Untracked 
|  85|0x0000000085500000, 0x0000000085600000, 0x0000000085600000|100%| O|  |TAMS 0x0000000085500000| PB 0x0000000085500000| Untracked 
|  86|0x0000000085600000, 0x0000000085700000, 0x0000000085700000|100%| O|  |TAMS 0x0000000085600000| PB 0x0000000085600000| Untracked 
|  87|0x0000000085700000, 0x0000000085800000, 0x0000000085800000|100%| O|  |TAMS 0x0000000085700000| PB 0x0000000085700000| Untracked 
|  88|0x0000000085800000, 0x0000000085900000, 0x0000000085900000|100%| O|  |TAMS 0x0000000085800000| PB 0x0000000085800000| Untracked 
|  89|0x0000000085900000, 0x0000000085a00000, 0x0000000085a00000|100%| O|  |TAMS 0x0000000085900000| PB 0x0000000085900000| Untracked 
|  90|0x0000000085a00000, 0x0000000085b00000, 0x0000000085b00000|100%| O|  |TAMS 0x0000000085a00000| PB 0x0000000085a00000| Untracked 
|  91|0x0000000085b00000, 0x0000000085c00000, 0x0000000085c00000|100%| O|  |TAMS 0x0000000085b00000| PB 0x0000000085b00000| Untracked 
|  92|0x0000000085c00000, 0x0000000085d00000, 0x0000000085d00000|100%| O|  |TAMS 0x0000000085c00000| PB 0x0000000085c00000| Untracked 
|  93|0x0000000085d00000, 0x0000000085e00000, 0x0000000085e00000|100%| O|  |TAMS 0x0000000085d00000| PB 0x0000000085d00000| Untracked 
|  94|0x0000000085e00000, 0x0000000085f00000, 0x0000000085f00000|100%| O|  |TAMS 0x0000000085e00000| PB 0x0000000085e00000| Untracked 
|  95|0x0000000085f00000, 0x0000000086000000, 0x0000000086000000|100%| O|  |TAMS 0x0000000085f00000| PB 0x0000000085f00000| Untracked 
|  96|0x0000000086000000, 0x0000000086100000, 0x0000000086100000|100%| O|  |TAMS 0x0000000086000000| PB 0x0000000086000000| Untracked 
|  97|0x0000000086100000, 0x0000000086200000, 0x0000000086200000|100%| O|  |TAMS 0x0000000086100000| PB 0x0000000086100000| Untracked 
|  98|0x0000000086200000, 0x0000000086300000, 0x0000000086300000|100%| O|  |TAMS 0x0000000086200000| PB 0x0000000086200000| Untracked 
|  99|0x0000000086300000, 0x0000000086400000, 0x0000000086400000|100%| O|  |TAMS 0x0000000086300000| PB 0x0000000086300000| Untracked 
| 100|0x0000000086400000, 0x0000000086500000, 0x0000000086500000|100%| O|  |TAMS 0x0000000086400000| PB 0x0000000086400000| Untracked 
| 101|0x0000000086500000, 0x0000000086600000, 0x0000000086600000|100%| O|  |TAMS 0x0000000086500000| PB 0x0000000086500000| Untracked 
| 102|0x0000000086600000, 0x0000000086700000, 0x0000000086700000|100%| O|  |TAMS 0x0000000086600000| PB 0x0000000086600000| Untracked 
| 103|0x0000000086700000, 0x0000000086800000, 0x0000000086800000|100%| O|  |TAMS 0x0000000086700000| PB 0x0000000086700000| Untracked 
| 104|0x0000000086800000, 0x0000000086900000, 0x0000000086900000|100%| O|  |TAMS 0x0000000086800000| PB 0x0000000086800000| Untracked 
| 105|0x0000000086900000, 0x0000000086a00000, 0x0000000086a00000|100%| O|  |TAMS 0x0000000086900000| PB 0x0000000086900000| Untracked 
| 106|0x0000000086a00000, 0x0000000086b00000, 0x0000000086b00000|100%| O|  |TAMS 0x0000000086a00000| PB 0x0000000086a00000| Untracked 
| 107|0x0000000086b00000, 0x0000000086c00000, 0x0000000086c00000|100%| O|  |TAMS 0x0000000086b00000| PB 0x0000000086b00000| Untracked 
| 108|0x0000000086c00000, 0x0000000086d00000, 0x0000000086d00000|100%| O|  |TAMS 0x0000000086c00000| PB 0x0000000086c00000| Untracked 
| 109|0x0000000086d00000, 0x0000000086e00000, 0x0000000086e00000|100%| O|  |TAMS 0x0000000086d00000| PB 0x0000000086d00000| Untracked 
| 110|0x0000000086e00000, 0x0000000086e00000, 0x0000000086f00000|  0%| F|  |TAMS 0x0000000086e00000| PB 0x0000000086e00000| Untracked 
| 111|0x0000000086f00000, 0x0000000086f00000, 0x0000000087000000|  0%| F|  |TAMS 0x0000000086f00000| PB 0x0000000086f00000| Untracked 
| 112|0x0000000087000000, 0x0000000087000000, 0x0000000087100000|  0%| F|  |TAMS 0x0000000087000000| PB 0x0000000087000000| Untracked 
| 113|0x0000000087100000, 0x0000000087100000, 0x0000000087200000|  0%| F|  |TAMS 0x0000000087100000| PB 0x0000000087100000| Untracked 
| 114|0x0000000087200000, 0x0000000087200000, 0x0000000087300000|  0%| F|  |TAMS 0x0000000087200000| PB 0x0000000087200000| Untracked 
| 115|0x0000000087300000, 0x0000000087300000, 0x0000000087400000|  0%| F|  |TAMS 0x0000000087300000| PB 0x0000000087300000| Untracked 
| 116|0x0000000087400000, 0x0000000087400000, 0x0000000087500000|  0%| F|  |TAMS 0x0000000087400000| PB 0x0000000087400000| Untracked 
| 117|0x0000000087500000, 0x0000000087500000, 0x0000000087600000|  0%| F|  |TAMS 0x0000000087500000| PB 0x0000000087500000| Untracked 
| 118|0x0000000087600000, 0x0000000087600000, 0x0000000087700000|  0%| F|  |TAMS 0x0000000087600000| PB 0x0000000087600000| Untracked 
| 119|0x0000000087700000, 0x0000000087700000, 0x0000000087800000|  0%| F|  |TAMS 0x0000000087700000| PB 0x0000000087700000| Untracked 
| 120|0x0000000087800000, 0x0000000087800000, 0x0000000087900000|  0%| F|  |TAMS 0x0000000087800000| PB 0x0000000087800000| Untracked 
| 121|0x0000000087900000, 0x0000000087900000, 0x0000000087a00000|  0%| F|  |TAMS 0x0000000087900000| PB 0x0000000087900000| Untracked 
| 122|0x0000000087a00000, 0x0000000087a00000, 0x0000000087b00000|  0%| F|  |TAMS 0x0000000087a00000| PB 0x0000000087a00000| Untracked 
| 123|0x0000000087b00000, 0x0000000087b00000, 0x0000000087c00000|  0%| F|  |TAMS 0x0000000087b00000| PB 0x0000000087b00000| Untracked 
| 124|0x0000000087c00000, 0x0000000087c00000, 0x0000000087d00000|  0%| F|  |TAMS 0x0000000087c00000| PB 0x0000000087c00000| Untracked 
| 125|0x0000000087d00000, 0x0000000087d00000, 0x0000000087e00000|  0%| F|  |TAMS 0x0000000087d00000| PB 0x0000000087d00000| Untracked 
| 126|0x0000000087e00000, 0x0000000087e00000, 0x0000000087f00000|  0%| F|  |TAMS 0x0000000087e00000| PB 0x0000000087e00000| Untracked 
| 127|0x0000000087f00000, 0x0000000087f00000, 0x0000000088000000|  0%| F|  |TAMS 0x0000000087f00000| PB 0x0000000087f00000| Untracked 
| 128|0x0000000088000000, 0x0000000088000000, 0x0000000088100000|  0%| F|  |TAMS 0x0000000088000000| PB 0x0000000088000000| Untracked 
| 129|0x0000000088100000, 0x0000000088200000, 0x0000000088200000|100%| S|CS|TAMS 0x0000000088100000| PB 0x0000000088100000| Complete 
| 130|0x0000000088200000, 0x0000000088200000, 0x0000000088300000|  0%| F|  |TAMS 0x0000000088200000| PB 0x0000000088200000| Untracked 
| 131|0x0000000088300000, 0x0000000088300000, 0x0000000088400000|  0%| F|  |TAMS 0x0000000088300000| PB 0x0000000088300000| Untracked 
| 132|0x0000000088400000, 0x0000000088400000, 0x0000000088500000|  0%| F|  |TAMS 0x0000000088400000| PB 0x0000000088400000| Untracked 
| 133|0x0000000088500000, 0x0000000088500000, 0x0000000088600000|  0%| F|  |TAMS 0x0000000088500000| PB 0x0000000088500000| Untracked 
| 134|0x0000000088600000, 0x0000000088600000, 0x0000000088700000|  0%| F|  |TAMS 0x0000000088600000| PB 0x0000000088600000| Untracked 
| 135|0x0000000088700000, 0x0000000088700000, 0x0000000088800000|  0%| F|  |TAMS 0x0000000088700000| PB 0x0000000088700000| Untracked 
| 136|0x0000000088800000, 0x0000000088800000, 0x0000000088900000|  0%| F|  |TAMS 0x0000000088800000| PB 0x0000000088800000| Untracked 
| 137|0x0000000088900000, 0x0000000088900000, 0x0000000088a00000|  0%| F|  |TAMS 0x0000000088900000| PB 0x0000000088900000| Untracked 
| 138|0x0000000088a00000, 0x0000000088a00000, 0x0000000088b00000|  0%| F|  |TAMS 0x0000000088a00000| PB 0x0000000088a00000| Untracked 
| 139|0x0000000088b00000, 0x0000000088b00000, 0x0000000088c00000|  0%| F|  |TAMS 0x0000000088b00000| PB 0x0000000088b00000| Untracked 
| 140|0x0000000088c00000, 0x0000000088c00000, 0x0000000088d00000|  0%| F|  |TAMS 0x0000000088c00000| PB 0x0000000088c00000| Untracked 
| 141|0x0000000088d00000, 0x0000000088d00000, 0x0000000088e00000|  0%| F|  |TAMS 0x0000000088d00000| PB 0x0000000088d00000| Untracked 
| 142|0x0000000088e00000, 0x0000000088f00000, 0x0000000088f00000|100%| S|CS|TAMS 0x0000000088e00000| PB 0x0000000088e00000| Complete 
| 143|0x0000000088f00000, 0x0000000089000000, 0x0000000089000000|100%| S|CS|TAMS 0x0000000088f00000| PB 0x0000000088f00000| Complete 
| 144|0x0000000089000000, 0x0000000089100000, 0x0000000089100000|100%| S|CS|TAMS 0x0000000089000000| PB 0x0000000089000000| Complete 
| 145|0x0000000089100000, 0x0000000089200000, 0x0000000089200000|100%| S|CS|TAMS 0x0000000089100000| PB 0x0000000089100000| Complete 
| 146|0x0000000089200000, 0x0000000089300000, 0x0000000089300000|100%| S|CS|TAMS 0x0000000089200000| PB 0x0000000089200000| Complete 
| 147|0x0000000089300000, 0x0000000089400000, 0x0000000089400000|100%| S|CS|TAMS 0x0000000089300000| PB 0x0000000089300000| Complete 
| 148|0x0000000089400000, 0x0000000089500000, 0x0000000089500000|100%| S|CS|TAMS 0x0000000089400000| PB 0x0000000089400000| Complete 
| 149|0x0000000089500000, 0x0000000089600000, 0x0000000089600000|100%| S|CS|TAMS 0x0000000089500000| PB 0x0000000089500000| Complete 
| 150|0x0000000089600000, 0x0000000089700000, 0x0000000089700000|100%| S|CS|TAMS 0x0000000089600000| PB 0x0000000089600000| Complete 
| 151|0x0000000089700000, 0x0000000089800000, 0x0000000089800000|100%| S|CS|TAMS 0x0000000089700000| PB 0x0000000089700000| Complete 
| 152|0x0000000089800000, 0x0000000089800000, 0x0000000089900000|  0%| F|  |TAMS 0x0000000089800000| PB 0x0000000089800000| Untracked 
| 153|0x0000000089900000, 0x0000000089900000, 0x0000000089a00000|  0%| F|  |TAMS 0x0000000089900000| PB 0x0000000089900000| Untracked 
| 154|0x0000000089a00000, 0x0000000089b00000, 0x0000000089b00000|100%| S|CS|TAMS 0x0000000089a00000| PB 0x0000000089a00000| Complete 
| 155|0x0000000089b00000, 0x0000000089c00000, 0x0000000089c00000|100%| S|CS|TAMS 0x0000000089b00000| PB 0x0000000089b00000| Complete 
| 156|0x0000000089c00000, 0x0000000089d00000, 0x0000000089d00000|100%| S|CS|TAMS 0x0000000089c00000| PB 0x0000000089c00000| Complete 
| 157|0x0000000089d00000, 0x0000000089d00000, 0x0000000089e00000|  0%| F|  |TAMS 0x0000000089d00000| PB 0x0000000089d00000| Untracked 
| 158|0x0000000089e00000, 0x0000000089f00000, 0x0000000089f00000|100%| S|CS|TAMS 0x0000000089e00000| PB 0x0000000089e00000| Complete 
| 159|0x0000000089f00000, 0x000000008a000000, 0x000000008a000000|100%| S|CS|TAMS 0x0000000089f00000| PB 0x0000000089f00000| Complete 
| 160|0x000000008a000000, 0x000000008a000000, 0x000000008a100000|  0%| F|  |TAMS 0x000000008a000000| PB 0x000000008a000000| Untracked 
| 161|0x000000008a100000, 0x000000008a100000, 0x000000008a200000|  0%| F|  |TAMS 0x000000008a100000| PB 0x000000008a100000| Untracked 
| 162|0x000000008a200000, 0x000000008a200000, 0x000000008a300000|  0%| F|  |TAMS 0x000000008a200000| PB 0x000000008a200000| Untracked 
| 163|0x000000008a300000, 0x000000008a300000, 0x000000008a400000|  0%| F|  |TAMS 0x000000008a300000| PB 0x000000008a300000| Untracked 
| 164|0x000000008a400000, 0x000000008a400000, 0x000000008a500000|  0%| F|  |TAMS 0x000000008a400000| PB 0x000000008a400000| Untracked 
| 165|0x000000008a500000, 0x000000008a500000, 0x000000008a600000|  0%| F|  |TAMS 0x000000008a500000| PB 0x000000008a500000| Untracked 
| 166|0x000000008a600000, 0x000000008a600000, 0x000000008a700000|  0%| F|  |TAMS 0x000000008a600000| PB 0x000000008a600000| Untracked 
| 167|0x000000008a700000, 0x000000008a700000, 0x000000008a800000|  0%| F|  |TAMS 0x000000008a700000| PB 0x000000008a700000| Untracked 
| 168|0x000000008a800000, 0x000000008a800000, 0x000000008a900000|  0%| F|  |TAMS 0x000000008a800000| PB 0x000000008a800000| Untracked 
| 169|0x000000008a900000, 0x000000008a900000, 0x000000008aa00000|  0%| F|  |TAMS 0x000000008a900000| PB 0x000000008a900000| Untracked 
| 170|0x000000008aa00000, 0x000000008aa00000, 0x000000008ab00000|  0%| F|  |TAMS 0x000000008aa00000| PB 0x000000008aa00000| Untracked 
| 171|0x000000008ab00000, 0x000000008ab00000, 0x000000008ac00000|  0%| F|  |TAMS 0x000000008ab00000| PB 0x000000008ab00000| Untracked 
| 172|0x000000008ac00000, 0x000000008ac00000, 0x000000008ad00000|  0%| F|  |TAMS 0x000000008ac00000| PB 0x000000008ac00000| Untracked 
| 173|0x000000008ad00000, 0x000000008ad00000, 0x000000008ae00000|  0%| F|  |TAMS 0x000000008ad00000| PB 0x000000008ad00000| Untracked 
| 174|0x000000008ae00000, 0x000000008ae00000, 0x000000008af00000|  0%| F|  |TAMS 0x000000008ae00000| PB 0x000000008ae00000| Untracked 
| 175|0x000000008af00000, 0x000000008af00000, 0x000000008b000000|  0%| F|  |TAMS 0x000000008af00000| PB 0x000000008af00000| Untracked 
| 176|0x000000008b000000, 0x000000008b000000, 0x000000008b100000|  0%| F|  |TAMS 0x000000008b000000| PB 0x000000008b000000| Untracked 
| 177|0x000000008b100000, 0x000000008b100000, 0x000000008b200000|  0%| F|  |TAMS 0x000000008b100000| PB 0x000000008b100000| Untracked 
| 178|0x000000008b200000, 0x000000008b200000, 0x000000008b300000|  0%| F|  |TAMS 0x000000008b200000| PB 0x000000008b200000| Untracked 
| 179|0x000000008b300000, 0x000000008b300000, 0x000000008b400000|  0%| F|  |TAMS 0x000000008b300000| PB 0x000000008b300000| Untracked 
| 180|0x000000008b400000, 0x000000008b400000, 0x000000008b500000|  0%| F|  |TAMS 0x000000008b400000| PB 0x000000008b400000| Untracked 
| 181|0x000000008b500000, 0x000000008b500000, 0x000000008b600000|  0%| F|  |TAMS 0x000000008b500000| PB 0x000000008b500000| Untracked 
| 182|0x000000008b600000, 0x000000008b600000, 0x000000008b700000|  0%| F|  |TAMS 0x000000008b600000| PB 0x000000008b600000| Untracked 
| 183|0x000000008b700000, 0x000000008b700000, 0x000000008b800000|  0%| F|  |TAMS 0x000000008b700000| PB 0x000000008b700000| Untracked 
| 184|0x000000008b800000, 0x000000008b800000, 0x000000008b900000|  0%| F|  |TAMS 0x000000008b800000| PB 0x000000008b800000| Untracked 
| 185|0x000000008b900000, 0x000000008b900000, 0x000000008ba00000|  0%| F|  |TAMS 0x000000008b900000| PB 0x000000008b900000| Untracked 
| 186|0x000000008ba00000, 0x000000008ba00000, 0x000000008bb00000|  0%| F|  |TAMS 0x000000008ba00000| PB 0x000000008ba00000| Untracked 
| 187|0x000000008bb00000, 0x000000008bb00000, 0x000000008bc00000|  0%| F|  |TAMS 0x000000008bb00000| PB 0x000000008bb00000| Untracked 
| 188|0x000000008bc00000, 0x000000008bc00000, 0x000000008bd00000|  0%| F|  |TAMS 0x000000008bc00000| PB 0x000000008bc00000| Untracked 
| 189|0x000000008bd00000, 0x000000008bd00000, 0x000000008be00000|  0%| F|  |TAMS 0x000000008bd00000| PB 0x000000008bd00000| Untracked 
| 190|0x000000008be00000, 0x000000008be00000, 0x000000008bf00000|  0%| F|  |TAMS 0x000000008be00000| PB 0x000000008be00000| Untracked 
| 191|0x000000008bf00000, 0x000000008bf00000, 0x000000008c000000|  0%| F|  |TAMS 0x000000008bf00000| PB 0x000000008bf00000| Untracked 
| 192|0x000000008c000000, 0x000000008c000000, 0x000000008c100000|  0%| F|  |TAMS 0x000000008c000000| PB 0x000000008c000000| Untracked 
| 193|0x000000008c100000, 0x000000008c100000, 0x000000008c200000|  0%| F|  |TAMS 0x000000008c100000| PB 0x000000008c100000| Untracked 
| 194|0x000000008c200000, 0x000000008c200000, 0x000000008c300000|  0%| F|  |TAMS 0x000000008c200000| PB 0x000000008c200000| Untracked 
| 195|0x000000008c300000, 0x000000008c300000, 0x000000008c400000|  0%| F|  |TAMS 0x000000008c300000| PB 0x000000008c300000| Untracked 
| 196|0x000000008c400000, 0x000000008c400000, 0x000000008c500000|  0%| F|  |TAMS 0x000000008c400000| PB 0x000000008c400000| Untracked 
| 197|0x000000008c500000, 0x000000008c500000, 0x000000008c600000|  0%| F|  |TAMS 0x000000008c500000| PB 0x000000008c500000| Untracked 
| 198|0x000000008c600000, 0x000000008c600000, 0x000000008c700000|  0%| F|  |TAMS 0x000000008c600000| PB 0x000000008c600000| Untracked 
| 199|0x000000008c700000, 0x000000008c700000, 0x000000008c800000|  0%| F|  |TAMS 0x000000008c700000| PB 0x000000008c700000| Untracked 
| 200|0x000000008c800000, 0x000000008c800000, 0x000000008c900000|  0%| F|  |TAMS 0x000000008c800000| PB 0x000000008c800000| Untracked 
| 201|0x000000008c900000, 0x000000008c900000, 0x000000008ca00000|  0%| F|  |TAMS 0x000000008c900000| PB 0x000000008c900000| Untracked 
| 202|0x000000008ca00000, 0x000000008ca00000, 0x000000008cb00000|  0%| F|  |TAMS 0x000000008ca00000| PB 0x000000008ca00000| Untracked 
| 203|0x000000008cb00000, 0x000000008cb00000, 0x000000008cc00000|  0%| F|  |TAMS 0x000000008cb00000| PB 0x000000008cb00000| Untracked 
| 204|0x000000008cc00000, 0x000000008cc00000, 0x000000008cd00000|  0%| F|  |TAMS 0x000000008cc00000| PB 0x000000008cc00000| Untracked 
| 205|0x000000008cd00000, 0x000000008cd00000, 0x000000008ce00000|  0%| F|  |TAMS 0x000000008cd00000| PB 0x000000008cd00000| Untracked 
| 206|0x000000008ce00000, 0x000000008ce00000, 0x000000008cf00000|  0%| F|  |TAMS 0x000000008ce00000| PB 0x000000008ce00000| Untracked 
| 207|0x000000008cf00000, 0x000000008cf00000, 0x000000008d000000|  0%| F|  |TAMS 0x000000008cf00000| PB 0x000000008cf00000| Untracked 
| 208|0x000000008d000000, 0x000000008d000000, 0x000000008d100000|  0%| F|  |TAMS 0x000000008d000000| PB 0x000000008d000000| Untracked 
| 209|0x000000008d100000, 0x000000008d100000, 0x000000008d200000|  0%| F|  |TAMS 0x000000008d100000| PB 0x000000008d100000| Untracked 
| 210|0x000000008d200000, 0x000000008d200000, 0x000000008d300000|  0%| F|  |TAMS 0x000000008d200000| PB 0x000000008d200000| Untracked 
| 211|0x000000008d300000, 0x000000008d300000, 0x000000008d400000|  0%| F|  |TAMS 0x000000008d300000| PB 0x000000008d300000| Untracked 
| 212|0x000000008d400000, 0x000000008d400000, 0x000000008d500000|  0%| F|  |TAMS 0x000000008d400000| PB 0x000000008d400000| Untracked 
| 213|0x000000008d500000, 0x000000008d500000, 0x000000008d600000|  0%| F|  |TAMS 0x000000008d500000| PB 0x000000008d500000| Untracked 
| 214|0x000000008d600000, 0x000000008d600000, 0x000000008d700000|  0%| F|  |TAMS 0x000000008d600000| PB 0x000000008d600000| Untracked 
| 215|0x000000008d700000, 0x000000008d700000, 0x000000008d800000|  0%| F|  |TAMS 0x000000008d700000| PB 0x000000008d700000| Untracked 
| 216|0x000000008d800000, 0x000000008d800000, 0x000000008d900000|  0%| F|  |TAMS 0x000000008d800000| PB 0x000000008d800000| Untracked 
| 217|0x000000008d900000, 0x000000008d900000, 0x000000008da00000|  0%| F|  |TAMS 0x000000008d900000| PB 0x000000008d900000| Untracked 
| 218|0x000000008da00000, 0x000000008da00000, 0x000000008db00000|  0%| F|  |TAMS 0x000000008da00000| PB 0x000000008da00000| Untracked 
| 219|0x000000008db00000, 0x000000008db00000, 0x000000008dc00000|  0%| F|  |TAMS 0x000000008db00000| PB 0x000000008db00000| Untracked 
| 220|0x000000008dc00000, 0x000000008dc00000, 0x000000008dd00000|  0%| F|  |TAMS 0x000000008dc00000| PB 0x000000008dc00000| Untracked 
| 221|0x000000008dd00000, 0x000000008dd00000, 0x000000008de00000|  0%| F|  |TAMS 0x000000008dd00000| PB 0x000000008dd00000| Untracked 
| 222|0x000000008de00000, 0x000000008de00000, 0x000000008df00000|  0%| F|  |TAMS 0x000000008de00000| PB 0x000000008de00000| Untracked 
| 223|0x000000008df00000, 0x000000008df00000, 0x000000008e000000|  0%| F|  |TAMS 0x000000008df00000| PB 0x000000008df00000| Untracked 
| 224|0x000000008e000000, 0x000000008e000000, 0x000000008e100000|  0%| F|  |TAMS 0x000000008e000000| PB 0x000000008e000000| Untracked 
| 225|0x000000008e100000, 0x000000008e100000, 0x000000008e200000|  0%| F|  |TAMS 0x000000008e100000| PB 0x000000008e100000| Untracked 
| 226|0x000000008e200000, 0x000000008e200000, 0x000000008e300000|  0%| F|  |TAMS 0x000000008e200000| PB 0x000000008e200000| Untracked 
| 227|0x000000008e300000, 0x000000008e300000, 0x000000008e400000|  0%| F|  |TAMS 0x000000008e300000| PB 0x000000008e300000| Untracked 
| 228|0x000000008e400000, 0x000000008e400000, 0x000000008e500000|  0%| F|  |TAMS 0x000000008e400000| PB 0x000000008e400000| Untracked 
| 229|0x000000008e500000, 0x000000008e500000, 0x000000008e600000|  0%| F|  |TAMS 0x000000008e500000| PB 0x000000008e500000| Untracked 
| 230|0x000000008e600000, 0x000000008e600000, 0x000000008e700000|  0%| F|  |TAMS 0x000000008e600000| PB 0x000000008e600000| Untracked 
| 231|0x000000008e700000, 0x000000008e700000, 0x000000008e800000|  0%| F|  |TAMS 0x000000008e700000| PB 0x000000008e700000| Untracked 
| 232|0x000000008e800000, 0x000000008e800000, 0x000000008e900000|  0%| F|  |TAMS 0x000000008e800000| PB 0x000000008e800000| Untracked 
| 233|0x000000008e900000, 0x000000008e900000, 0x000000008ea00000|  0%| F|  |TAMS 0x000000008e900000| PB 0x000000008e900000| Untracked 
| 234|0x000000008ea00000, 0x000000008ea00000, 0x000000008eb00000|  0%| F|  |TAMS 0x000000008ea00000| PB 0x000000008ea00000| Untracked 
| 235|0x000000008eb00000, 0x000000008eb00000, 0x000000008ec00000|  0%| F|  |TAMS 0x000000008eb00000| PB 0x000000008eb00000| Untracked 
| 236|0x000000008ec00000, 0x000000008ec00000, 0x000000008ed00000|  0%| F|  |TAMS 0x000000008ec00000| PB 0x000000008ec00000| Untracked 
| 237|0x000000008ed00000, 0x000000008ed00000, 0x000000008ee00000|  0%| F|  |TAMS 0x000000008ed00000| PB 0x000000008ed00000| Untracked 
| 238|0x000000008ee00000, 0x000000008ee00000, 0x000000008ef00000|  0%| F|  |TAMS 0x000000008ee00000| PB 0x000000008ee00000| Untracked 
| 239|0x000000008ef00000, 0x000000008ef00000, 0x000000008f000000|  0%| F|  |TAMS 0x000000008ef00000| PB 0x000000008ef00000| Untracked 
| 240|0x000000008f000000, 0x000000008f000000, 0x000000008f100000|  0%| F|  |TAMS 0x000000008f000000| PB 0x000000008f000000| Untracked 
| 241|0x000000008f100000, 0x000000008f100000, 0x000000008f200000|  0%| F|  |TAMS 0x000000008f100000| PB 0x000000008f100000| Untracked 
| 242|0x000000008f200000, 0x000000008f200000, 0x000000008f300000|  0%| F|  |TAMS 0x000000008f200000| PB 0x000000008f200000| Untracked 
| 243|0x000000008f300000, 0x000000008f300000, 0x000000008f400000|  0%| F|  |TAMS 0x000000008f300000| PB 0x000000008f300000| Untracked 
| 244|0x000000008f400000, 0x000000008f400000, 0x000000008f500000|  0%| F|  |TAMS 0x000000008f400000| PB 0x000000008f400000| Untracked 
| 245|0x000000008f500000, 0x000000008f500000, 0x000000008f600000|  0%| F|  |TAMS 0x000000008f500000| PB 0x000000008f500000| Untracked 
| 246|0x000000008f600000, 0x000000008f600000, 0x000000008f700000|  0%| F|  |TAMS 0x000000008f600000| PB 0x000000008f600000| Untracked 
| 247|0x000000008f700000, 0x000000008f700000, 0x000000008f800000|  0%| F|  |TAMS 0x000000008f700000| PB 0x000000008f700000| Untracked 
| 248|0x000000008f800000, 0x000000008f800000, 0x000000008f900000|  0%| F|  |TAMS 0x000000008f800000| PB 0x000000008f800000| Untracked 
| 249|0x000000008f900000, 0x000000008f900000, 0x000000008fa00000|  0%| F|  |TAMS 0x000000008f900000| PB 0x000000008f900000| Untracked 
| 250|0x000000008fa00000, 0x000000008fa00000, 0x000000008fb00000|  0%| F|  |TAMS 0x000000008fa00000| PB 0x000000008fa00000| Untracked 
| 251|0x000000008fb00000, 0x000000008fb00000, 0x000000008fc00000|  0%| F|  |TAMS 0x000000008fb00000| PB 0x000000008fb00000| Untracked 
| 252|0x000000008fc00000, 0x000000008fc00000, 0x000000008fd00000|  0%| F|  |TAMS 0x000000008fc00000| PB 0x000000008fc00000| Untracked 
| 253|0x000000008fd00000, 0x000000008fd00000, 0x000000008fe00000|  0%| F|  |TAMS 0x000000008fd00000| PB 0x000000008fd00000| Untracked 
| 254|0x000000008fe00000, 0x000000008fe00000, 0x000000008ff00000|  0%| F|  |TAMS 0x000000008fe00000| PB 0x000000008fe00000| Untracked 
| 255|0x000000008ff00000, 0x000000008ff00000, 0x0000000090000000|  0%| F|  |TAMS 0x000000008ff00000| PB 0x000000008ff00000| Untracked 
| 256|0x0000000090000000, 0x0000000090000000, 0x0000000090100000|  0%| F|  |TAMS 0x0000000090000000| PB 0x0000000090000000| Untracked 
| 257|0x0000000090100000, 0x0000000090100000, 0x0000000090200000|  0%| F|  |TAMS 0x0000000090100000| PB 0x0000000090100000| Untracked 
| 258|0x0000000090200000, 0x0000000090200000, 0x0000000090300000|  0%| F|  |TAMS 0x0000000090200000| PB 0x0000000090200000| Untracked 
| 259|0x0000000090300000, 0x0000000090300000, 0x0000000090400000|  0%| F|  |TAMS 0x0000000090300000| PB 0x0000000090300000| Untracked 
| 260|0x0000000090400000, 0x0000000090400000, 0x0000000090500000|  0%| F|  |TAMS 0x0000000090400000| PB 0x0000000090400000| Untracked 
| 261|0x0000000090500000, 0x0000000090500000, 0x0000000090600000|  0%| F|  |TAMS 0x0000000090500000| PB 0x0000000090500000| Untracked 
| 262|0x0000000090600000, 0x0000000090600000, 0x0000000090700000|  0%| F|  |TAMS 0x0000000090600000| PB 0x0000000090600000| Untracked 
| 263|0x0000000090700000, 0x0000000090700000, 0x0000000090800000|  0%| F|  |TAMS 0x0000000090700000| PB 0x0000000090700000| Untracked 
| 264|0x0000000090800000, 0x0000000090800000, 0x0000000090900000|  0%| F|  |TAMS 0x0000000090800000| PB 0x0000000090800000| Untracked 
| 265|0x0000000090900000, 0x0000000090900000, 0x0000000090a00000|  0%| F|  |TAMS 0x0000000090900000| PB 0x0000000090900000| Untracked 
| 266|0x0000000090a00000, 0x0000000090a00000, 0x0000000090b00000|  0%| F|  |TAMS 0x0000000090a00000| PB 0x0000000090a00000| Untracked 
| 267|0x0000000090b00000, 0x0000000090b00000, 0x0000000090c00000|  0%| F|  |TAMS 0x0000000090b00000| PB 0x0000000090b00000| Untracked 
| 268|0x0000000090c00000, 0x0000000090c00000, 0x0000000090d00000|  0%| F|  |TAMS 0x0000000090c00000| PB 0x0000000090c00000| Untracked 
| 269|0x0000000090d00000, 0x0000000090d00000, 0x0000000090e00000|  0%| F|  |TAMS 0x0000000090d00000| PB 0x0000000090d00000| Untracked 
| 270|0x0000000090e00000, 0x0000000090e00000, 0x0000000090f00000|  0%| F|  |TAMS 0x0000000090e00000| PB 0x0000000090e00000| Untracked 
| 271|0x0000000090f00000, 0x0000000090f00000, 0x0000000091000000|  0%| F|  |TAMS 0x0000000090f00000| PB 0x0000000090f00000| Untracked 
| 272|0x0000000091000000, 0x0000000091000000, 0x0000000091100000|  0%| F|  |TAMS 0x0000000091000000| PB 0x0000000091000000| Untracked 
| 273|0x0000000091100000, 0x0000000091100000, 0x0000000091200000|  0%| F|  |TAMS 0x0000000091100000| PB 0x0000000091100000| Untracked 
| 274|0x0000000091200000, 0x0000000091200000, 0x0000000091300000|  0%| F|  |TAMS 0x0000000091200000| PB 0x0000000091200000| Untracked 
| 275|0x0000000091300000, 0x0000000091300000, 0x0000000091400000|  0%| F|  |TAMS 0x0000000091300000| PB 0x0000000091300000| Untracked 
| 276|0x0000000091400000, 0x0000000091400000, 0x0000000091500000|  0%| F|  |TAMS 0x0000000091400000| PB 0x0000000091400000| Untracked 
| 277|0x0000000091500000, 0x0000000091500000, 0x0000000091600000|  0%| F|  |TAMS 0x0000000091500000| PB 0x0000000091500000| Untracked 
| 278|0x0000000091600000, 0x0000000091600000, 0x0000000091700000|  0%| F|  |TAMS 0x0000000091600000| PB 0x0000000091600000| Untracked 
| 279|0x0000000091700000, 0x0000000091700000, 0x0000000091800000|  0%| F|  |TAMS 0x0000000091700000| PB 0x0000000091700000| Untracked 
| 280|0x0000000091800000, 0x0000000091800000, 0x0000000091900000|  0%| F|  |TAMS 0x0000000091800000| PB 0x0000000091800000| Untracked 
| 281|0x0000000091900000, 0x0000000091900000, 0x0000000091a00000|  0%| F|  |TAMS 0x0000000091900000| PB 0x0000000091900000| Untracked 
| 282|0x0000000091a00000, 0x0000000091a00000, 0x0000000091b00000|  0%| F|  |TAMS 0x0000000091a00000| PB 0x0000000091a00000| Untracked 
| 283|0x0000000091b00000, 0x0000000091b00000, 0x0000000091c00000|  0%| F|  |TAMS 0x0000000091b00000| PB 0x0000000091b00000| Untracked 
| 284|0x0000000091c00000, 0x0000000091c00000, 0x0000000091d00000|  0%| F|  |TAMS 0x0000000091c00000| PB 0x0000000091c00000| Untracked 
| 285|0x0000000091d00000, 0x0000000091d00000, 0x0000000091e00000|  0%| F|  |TAMS 0x0000000091d00000| PB 0x0000000091d00000| Untracked 
| 286|0x0000000091e00000, 0x0000000091e00000, 0x0000000091f00000|  0%| F|  |TAMS 0x0000000091e00000| PB 0x0000000091e00000| Untracked 
| 287|0x0000000091f00000, 0x0000000091f00000, 0x0000000092000000|  0%| F|  |TAMS 0x0000000091f00000| PB 0x0000000091f00000| Untracked 
| 288|0x0000000092000000, 0x0000000092000000, 0x0000000092100000|  0%| F|  |TAMS 0x0000000092000000| PB 0x0000000092000000| Untracked 
| 289|0x0000000092100000, 0x0000000092100000, 0x0000000092200000|  0%| F|  |TAMS 0x0000000092100000| PB 0x0000000092100000| Untracked 
| 290|0x0000000092200000, 0x0000000092200000, 0x0000000092300000|  0%| F|  |TAMS 0x0000000092200000| PB 0x0000000092200000| Untracked 
| 291|0x0000000092300000, 0x0000000092300000, 0x0000000092400000|  0%| F|  |TAMS 0x0000000092300000| PB 0x0000000092300000| Untracked 
| 292|0x0000000092400000, 0x0000000092400000, 0x0000000092500000|  0%| F|  |TAMS 0x0000000092400000| PB 0x0000000092400000| Untracked 
| 293|0x0000000092500000, 0x0000000092500000, 0x0000000092600000|  0%| F|  |TAMS 0x0000000092500000| PB 0x0000000092500000| Untracked 
| 294|0x0000000092600000, 0x0000000092600000, 0x0000000092700000|  0%| F|  |TAMS 0x0000000092600000| PB 0x0000000092600000| Untracked 
| 295|0x0000000092700000, 0x0000000092700000, 0x0000000092800000|  0%| F|  |TAMS 0x0000000092700000| PB 0x0000000092700000| Untracked 
| 296|0x0000000092800000, 0x0000000092800000, 0x0000000092900000|  0%| F|  |TAMS 0x0000000092800000| PB 0x0000000092800000| Untracked 
| 297|0x0000000092900000, 0x0000000092900000, 0x0000000092a00000|  0%| F|  |TAMS 0x0000000092900000| PB 0x0000000092900000| Untracked 
| 298|0x0000000092a00000, 0x0000000092a00000, 0x0000000092b00000|  0%| F|  |TAMS 0x0000000092a00000| PB 0x0000000092a00000| Untracked 
| 299|0x0000000092b00000, 0x0000000092b00000, 0x0000000092c00000|  0%| F|  |TAMS 0x0000000092b00000| PB 0x0000000092b00000| Untracked 
| 300|0x0000000092c00000, 0x0000000092c00000, 0x0000000092d00000|  0%| F|  |TAMS 0x0000000092c00000| PB 0x0000000092c00000| Untracked 
| 301|0x0000000092d00000, 0x0000000092d00000, 0x0000000092e00000|  0%| F|  |TAMS 0x0000000092d00000| PB 0x0000000092d00000| Untracked 
| 302|0x0000000092e00000, 0x0000000092e00000, 0x0000000092f00000|  0%| F|  |TAMS 0x0000000092e00000| PB 0x0000000092e00000| Untracked 
| 303|0x0000000092f00000, 0x0000000092f00000, 0x0000000093000000|  0%| F|  |TAMS 0x0000000092f00000| PB 0x0000000092f00000| Untracked 
| 304|0x0000000093000000, 0x0000000093000000, 0x0000000093100000|  0%| F|  |TAMS 0x0000000093000000| PB 0x0000000093000000| Untracked 
| 305|0x0000000093100000, 0x0000000093100000, 0x0000000093200000|  0%| F|  |TAMS 0x0000000093100000| PB 0x0000000093100000| Untracked 
| 306|0x0000000093200000, 0x0000000093200000, 0x0000000093300000|  0%| F|  |TAMS 0x0000000093200000| PB 0x0000000093200000| Untracked 
| 307|0x0000000093300000, 0x0000000093300000, 0x0000000093400000|  0%| F|  |TAMS 0x0000000093300000| PB 0x0000000093300000| Untracked 
| 308|0x0000000093400000, 0x0000000093400000, 0x0000000093500000|  0%| F|  |TAMS 0x0000000093400000| PB 0x0000000093400000| Untracked 
| 309|0x0000000093500000, 0x0000000093500000, 0x0000000093600000|  0%| F|  |TAMS 0x0000000093500000| PB 0x0000000093500000| Untracked 
| 310|0x0000000093600000, 0x0000000093600000, 0x0000000093700000|  0%| F|  |TAMS 0x0000000093600000| PB 0x0000000093600000| Untracked 
| 311|0x0000000093700000, 0x0000000093700000, 0x0000000093800000|  0%| F|  |TAMS 0x0000000093700000| PB 0x0000000093700000| Untracked 
| 312|0x0000000093800000, 0x0000000093800000, 0x0000000093900000|  0%| F|  |TAMS 0x0000000093800000| PB 0x0000000093800000| Untracked 
| 313|0x0000000093900000, 0x0000000093900000, 0x0000000093a00000|  0%| F|  |TAMS 0x0000000093900000| PB 0x0000000093900000| Untracked 
| 314|0x0000000093a00000, 0x0000000093a00000, 0x0000000093b00000|  0%| F|  |TAMS 0x0000000093a00000| PB 0x0000000093a00000| Untracked 
| 315|0x0000000093b00000, 0x0000000093b00000, 0x0000000093c00000|  0%| F|  |TAMS 0x0000000093b00000| PB 0x0000000093b00000| Untracked 
| 316|0x0000000093c00000, 0x0000000093c00000, 0x0000000093d00000|  0%| F|  |TAMS 0x0000000093c00000| PB 0x0000000093c00000| Untracked 
| 317|0x0000000093d00000, 0x0000000093d00000, 0x0000000093e00000|  0%| F|  |TAMS 0x0000000093d00000| PB 0x0000000093d00000| Untracked 
| 318|0x0000000093e00000, 0x0000000093e00000, 0x0000000093f00000|  0%| F|  |TAMS 0x0000000093e00000| PB 0x0000000093e00000| Untracked 
| 319|0x0000000093f00000, 0x0000000093f00000, 0x0000000094000000|  0%| F|  |TAMS 0x0000000093f00000| PB 0x0000000093f00000| Untracked 
| 320|0x0000000094000000, 0x0000000094000000, 0x0000000094100000|  0%| F|  |TAMS 0x0000000094000000| PB 0x0000000094000000| Untracked 
| 321|0x0000000094100000, 0x0000000094100000, 0x0000000094200000|  0%| F|  |TAMS 0x0000000094100000| PB 0x0000000094100000| Untracked 
| 322|0x0000000094200000, 0x0000000094200000, 0x0000000094300000|  0%| F|  |TAMS 0x0000000094200000| PB 0x0000000094200000| Untracked 
| 323|0x0000000094300000, 0x0000000094300000, 0x0000000094400000|  0%| F|  |TAMS 0x0000000094300000| PB 0x0000000094300000| Untracked 
| 324|0x0000000094400000, 0x0000000094406060, 0x0000000094500000|  2%| E|  |TAMS 0x0000000094400000| PB 0x0000000094400000| Complete 
| 325|0x0000000094500000, 0x0000000094600000, 0x0000000094600000|100%| E|CS|TAMS 0x0000000094500000| PB 0x0000000094500000| Complete 
| 326|0x0000000094600000, 0x0000000094700000, 0x0000000094700000|100%| E|CS|TAMS 0x0000000094600000| PB 0x0000000094600000| Complete 
| 327|0x0000000094700000, 0x0000000094800000, 0x0000000094800000|100%| E|CS|TAMS 0x0000000094700000| PB 0x0000000094700000| Complete 
| 328|0x0000000094800000, 0x0000000094900000, 0x0000000094900000|100%| E|CS|TAMS 0x0000000094800000| PB 0x0000000094800000| Complete 
| 329|0x0000000094900000, 0x0000000094a00000, 0x0000000094a00000|100%| E|CS|TAMS 0x0000000094900000| PB 0x0000000094900000| Complete 
| 330|0x0000000094a00000, 0x0000000094b00000, 0x0000000094b00000|100%| E|CS|TAMS 0x0000000094a00000| PB 0x0000000094a00000| Complete 
| 331|0x0000000094b00000, 0x0000000094c00000, 0x0000000094c00000|100%| E|CS|TAMS 0x0000000094b00000| PB 0x0000000094b00000| Complete 
| 332|0x0000000094c00000, 0x0000000094d00000, 0x0000000094d00000|100%| E|CS|TAMS 0x0000000094c00000| PB 0x0000000094c00000| Complete 
| 333|0x0000000094d00000, 0x0000000094e00000, 0x0000000094e00000|100%| E|CS|TAMS 0x0000000094d00000| PB 0x0000000094d00000| Complete 
| 334|0x0000000094e00000, 0x0000000094f00000, 0x0000000094f00000|100%| E|CS|TAMS 0x0000000094e00000| PB 0x0000000094e00000| Complete 
| 335|0x0000000094f00000, 0x0000000095000000, 0x0000000095000000|100%| E|CS|TAMS 0x0000000094f00000| PB 0x0000000094f00000| Complete 
| 336|0x0000000095000000, 0x0000000095100000, 0x0000000095100000|100%| E|CS|TAMS 0x0000000095000000| PB 0x0000000095000000| Complete 
| 337|0x0000000095100000, 0x0000000095200000, 0x0000000095200000|100%| E|CS|TAMS 0x0000000095100000| PB 0x0000000095100000| Complete 
| 338|0x0000000095200000, 0x0000000095300000, 0x0000000095300000|100%| E|CS|TAMS 0x0000000095200000| PB 0x0000000095200000| Complete 
| 339|0x0000000095300000, 0x0000000095400000, 0x0000000095400000|100%| E|CS|TAMS 0x0000000095300000| PB 0x0000000095300000| Complete 
| 340|0x0000000095400000, 0x0000000095500000, 0x0000000095500000|100%| E|CS|TAMS 0x0000000095400000| PB 0x0000000095400000| Complete 
| 341|0x0000000095500000, 0x0000000095600000, 0x0000000095600000|100%| E|CS|TAMS 0x0000000095500000| PB 0x0000000095500000| Complete 
| 342|0x0000000095600000, 0x0000000095700000, 0x0000000095700000|100%| E|CS|TAMS 0x0000000095600000| PB 0x0000000095600000| Complete 
| 343|0x0000000095700000, 0x0000000095800000, 0x0000000095800000|100%| E|CS|TAMS 0x0000000095700000| PB 0x0000000095700000| Complete 
| 344|0x0000000095800000, 0x0000000095900000, 0x0000000095900000|100%| E|CS|TAMS 0x0000000095800000| PB 0x0000000095800000| Complete 
| 345|0x0000000095900000, 0x0000000095a00000, 0x0000000095a00000|100%| E|CS|TAMS 0x0000000095900000| PB 0x0000000095900000| Complete 
| 346|0x0000000095a00000, 0x0000000095b00000, 0x0000000095b00000|100%| E|CS|TAMS 0x0000000095a00000| PB 0x0000000095a00000| Complete 
| 347|0x0000000095b00000, 0x0000000095c00000, 0x0000000095c00000|100%| E|CS|TAMS 0x0000000095b00000| PB 0x0000000095b00000| Complete 
| 348|0x0000000095c00000, 0x0000000095d00000, 0x0000000095d00000|100%| E|CS|TAMS 0x0000000095c00000| PB 0x0000000095c00000| Complete 
| 349|0x0000000095d00000, 0x0000000095e00000, 0x0000000095e00000|100%| E|CS|TAMS 0x0000000095d00000| PB 0x0000000095d00000| Complete 
| 350|0x0000000095e00000, 0x0000000095f00000, 0x0000000095f00000|100%| E|CS|TAMS 0x0000000095e00000| PB 0x0000000095e00000| Complete 
| 351|0x0000000095f00000, 0x0000000096000000, 0x0000000096000000|100%| E|CS|TAMS 0x0000000095f00000| PB 0x0000000095f00000| Complete 
| 352|0x0000000096000000, 0x0000000096100000, 0x0000000096100000|100%| E|CS|TAMS 0x0000000096000000| PB 0x0000000096000000| Complete 
| 353|0x0000000096100000, 0x0000000096200000, 0x0000000096200000|100%| E|CS|TAMS 0x0000000096100000| PB 0x0000000096100000| Complete 
| 354|0x0000000096200000, 0x0000000096300000, 0x0000000096300000|100%| E|CS|TAMS 0x0000000096200000| PB 0x0000000096200000| Complete 
| 355|0x0000000096300000, 0x0000000096400000, 0x0000000096400000|100%| E|CS|TAMS 0x0000000096300000| PB 0x0000000096300000| Complete 
| 356|0x0000000096400000, 0x0000000096500000, 0x0000000096500000|100%| E|CS|TAMS 0x0000000096400000| PB 0x0000000096400000| Complete 
| 357|0x0000000096500000, 0x0000000096600000, 0x0000000096600000|100%| E|CS|TAMS 0x0000000096500000| PB 0x0000000096500000| Complete 
| 358|0x0000000096600000, 0x0000000096700000, 0x0000000096700000|100%| E|CS|TAMS 0x0000000096600000| PB 0x0000000096600000| Complete 
| 359|0x0000000096700000, 0x0000000096800000, 0x0000000096800000|100%| E|CS|TAMS 0x0000000096700000| PB 0x0000000096700000| Complete 
| 360|0x0000000096800000, 0x0000000096900000, 0x0000000096900000|100%| E|CS|TAMS 0x0000000096800000| PB 0x0000000096800000| Complete 
| 361|0x0000000096900000, 0x0000000096a00000, 0x0000000096a00000|100%| E|CS|TAMS 0x0000000096900000| PB 0x0000000096900000| Complete 
| 362|0x0000000096a00000, 0x0000000096b00000, 0x0000000096b00000|100%| E|CS|TAMS 0x0000000096a00000| PB 0x0000000096a00000| Complete 
| 363|0x0000000096b00000, 0x0000000096c00000, 0x0000000096c00000|100%| E|CS|TAMS 0x0000000096b00000| PB 0x0000000096b00000| Complete 
| 364|0x0000000096c00000, 0x0000000096d00000, 0x0000000096d00000|100%| E|CS|TAMS 0x0000000096c00000| PB 0x0000000096c00000| Complete 
| 365|0x0000000096d00000, 0x0000000096e00000, 0x0000000096e00000|100%| E|CS|TAMS 0x0000000096d00000| PB 0x0000000096d00000| Complete 
| 366|0x0000000096e00000, 0x0000000096f00000, 0x0000000096f00000|100%| E|CS|TAMS 0x0000000096e00000| PB 0x0000000096e00000| Complete 
| 367|0x0000000096f00000, 0x0000000097000000, 0x0000000097000000|100%| E|CS|TAMS 0x0000000096f00000| PB 0x0000000096f00000| Complete 
| 368|0x0000000097000000, 0x0000000097100000, 0x0000000097100000|100%| E|CS|TAMS 0x0000000097000000| PB 0x0000000097000000| Complete 
| 369|0x0000000097100000, 0x0000000097200000, 0x0000000097200000|100%| E|CS|TAMS 0x0000000097100000| PB 0x0000000097100000| Complete 
| 370|0x0000000097200000, 0x0000000097300000, 0x0000000097300000|100%| E|CS|TAMS 0x0000000097200000| PB 0x0000000097200000| Complete 
|2033|0x00000000ff100000, 0x00000000ff200000, 0x00000000ff200000|100%| E|CS|TAMS 0x00000000ff100000| PB 0x00000000ff100000| Complete 
|2034|0x00000000ff200000, 0x00000000ff300000, 0x00000000ff300000|100%| E|CS|TAMS 0x00000000ff200000| PB 0x00000000ff200000| Complete 
|2035|0x00000000ff300000, 0x00000000ff400000, 0x00000000ff400000|100%| O|  |TAMS 0x00000000ff300000| PB 0x00000000ff300000| Untracked 
|2036|0x00000000ff400000, 0x00000000ff500000, 0x00000000ff500000|100%| E|CS|TAMS 0x00000000ff400000| PB 0x00000000ff400000| Complete 
|2037|0x00000000ff500000, 0x00000000ff600000, 0x00000000ff600000|100%| O|  |TAMS 0x00000000ff500000| PB 0x00000000ff500000| Untracked 
|2038|0x00000000ff600000, 0x00000000ff700000, 0x00000000ff700000|100%| O|  |TAMS 0x00000000ff600000| PB 0x00000000ff600000| Untracked 
|2039|0x00000000ff700000, 0x00000000ff800000, 0x00000000ff800000|100%| O|  |TAMS 0x00000000ff700000| PB 0x00000000ff700000| Untracked 
|2040|0x00000000ff800000, 0x00000000ff900000, 0x00000000ff900000|100%| O|  |TAMS 0x00000000ff800000| PB 0x00000000ff800000| Untracked 
|2041|0x00000000ff900000, 0x00000000ffa00000, 0x00000000ffa00000|100%| O|  |TAMS 0x00000000ff900000| PB 0x00000000ff900000| Untracked 
|2042|0x00000000ffa00000, 0x00000000ffb00000, 0x00000000ffb00000|100%| O|  |TAMS 0x00000000ffa00000| PB 0x00000000ffa00000| Untracked 
|2043|0x00000000ffb00000, 0x00000000ffc00000, 0x00000000ffc00000|100%| O|  |TAMS 0x00000000ffb00000| PB 0x00000000ffb00000| Untracked 
|2044|0x00000000ffc00000, 0x00000000ffd00000, 0x00000000ffd00000|100%| O|  |TAMS 0x00000000ffc00000| PB 0x00000000ffc00000| Untracked 
|2045|0x00000000ffd00000, 0x00000000ffe00000, 0x00000000ffe00000|100%| E|CS|TAMS 0x00000000ffd00000| PB 0x00000000ffd00000| Complete 
|2046|0x00000000ffe00000, 0x00000000fff00000, 0x00000000fff00000|100%| E|CS|TAMS 0x00000000ffe00000| PB 0x00000000ffe00000| Complete 
|2047|0x00000000fff00000, 0x0000000100000000, 0x0000000100000000|100%| O|  |TAMS 0x00000000fff00000| PB 0x00000000fff00000| Untracked 

Card table byte_map: [0x00000296f4e10000,0x00000296f5210000] _byte_map_base: 0x00000296f4a10000

Marking Bits: (CMBitMap*) 0x00000296e25c8280
 Bits: [0x00000296f5210000, 0x00000296f7210000)

Polling page: 0x00000296e0410000

Metaspace:

Usage:
  Non-class:    103.90 MB used.
      Class:     16.92 MB used.
       Both:    120.82 MB used.

Virtual space:
  Non-class space:      128.00 MB reserved,     105.12 MB ( 82%) committed,  2 nodes.
      Class space:        1.00 GB reserved,      18.06 MB (  2%) committed,  1 nodes.
             Both:        1.12 GB reserved,     123.19 MB ( 11%) committed. 

Chunk freelists:
   Non-Class:  6.26 MB
       Class:  13.98 MB
        Both:  20.25 MB

MaxMetaspaceSize: unlimited
CompressedClassSpaceSize: 1.00 GB
Initial GC threshold: 21.00 MB
Current GC threshold: 204.50 MB
CDS: off
 - commit_granule_bytes: 65536.
 - commit_granule_words: 8192.
 - virtual_space_node_default_size: 8388608.
 - enlarge_chunks_in_place: 1.
 - use_allocation_guard: 0.


Internal statistics:

num_allocs_failed_limit: 12.
num_arena_births: 4792.
num_arena_deaths: 0.
num_vsnodes_births: 3.
num_vsnodes_deaths: 0.
num_space_committed: 1969.
num_space_uncommitted: 0.
num_chunks_returned_to_freelist: 12.
num_chunks_taken_from_freelist: 10303.
num_chunk_merges: 9.
num_chunk_splits: 6642.
num_chunks_enlarged: 4031.
num_inconsistent_stats: 0.

CodeHeap 'non-profiled nmethods': size=120000Kb used=8682Kb max_used=8682Kb free=111317Kb
 bounds [0x00000296ed1b0000, 0x00000296eda30000, 0x00000296f46e0000]
CodeHeap 'profiled nmethods': size=120000Kb used=22375Kb max_used=22851Kb free=97624Kb
 bounds [0x00000296e56e0000, 0x00000296e6d40000, 0x00000296ecc10000]
CodeHeap 'non-nmethods': size=5760Kb used=2047Kb max_used=2109Kb free=3712Kb
 bounds [0x00000296ecc10000, 0x00000296ece80000, 0x00000296ed1b0000]
CodeCache: size=245760Kb, used=33104Kb, max_used=33642Kb, free=212653Kb
 total_blobs=13283, nmethods=12356, adapters=831, full_count=0
Compilation: enabled, stopped_count=0, restarted_count=0

Compilation events (20 events):
Event: 62.080 Thread 0x00000296fe0bacd0 nmethod 15230 0x00000296eda1ce90 code [0x00000296eda1d1e0, 0x00000296eda1ea00]
Event: 62.080 Thread 0x00000296fe0bacd0 15244       4       org.gradle.internal.snapshot.impl.DefaultValueSnapshotter::snapshot (13 bytes)
Event: 62.081 Thread 0x00000296fe0bacd0 nmethod 15244 0x00000296eda1fa90 code [0x00000296eda1fc20, 0x00000296eda1fd70]
Event: 62.081 Thread 0x00000296fe0bacd0 15247       4       org.gradle.api.internal.artifacts.ivyservice.resolveengine.artifact.EndCollection::startFinalization (1 bytes)
Event: 62.081 Thread 0x00000296fe0bacd0 nmethod 15247 0x00000296eda1fe90 code [0x00000296eda20020, 0x00000296eda200a8]
Event: 62.083 Thread 0x0000029684a376f0 nmethod 15246 0x00000296eda20190 code [0x00000296eda20380, 0x00000296eda20ae8]
Event: 62.095 Thread 0x000002968b170c20 nmethod 15239 0x00000296eda20f10 code [0x00000296eda211e0, 0x00000296eda22858]
Event: 62.099 Thread 0x000002968b170c20 15248       4       org.gradle.internal.snapshot.AbstractListChildMap::store (72 bytes)
Event: 62.099 Thread 0x0000029684a376f0 15249       4       org.gradle.tooling.internal.provider.runner.ClientBuildEventGenerator::finished (128 bytes)
Event: 62.111 Thread 0x00000296fe0be790 15250       3       com.google.common.io.CountingOutputStream::write (22 bytes)
Event: 62.111 Thread 0x00000296fe0be790 nmethod 15250 0x00000296e5ef1790 code [0x00000296e5ef1940, 0x00000296e5ef1b38]
Event: 62.113 Thread 0x00000296fe0bacd0 15251   !   4       java.nio.file.Files::walkFileTree (297 bytes)
Event: 62.115 Thread 0x0000029684a376f0 nmethod 15249 0x00000296eda23410 code [0x00000296eda23680, 0x00000296eda240a8]
Event: 62.116 Thread 0x00000296fe0be790 15252       3       org.gradle.internal.snapshot.ChildMap$Entry::handlePath (135 bytes)
Event: 62.117 Thread 0x00000296fe0be790 nmethod 15252 0x00000296e60d3090 code [0x00000296e60d33e0, 0x00000296e60d4a08]
Event: 62.145 Thread 0x000002968b170c20 nmethod 15248 0x00000296eda24890 code [0x00000296eda24c00, 0x00000296eda262e8]
Event: 62.173 Thread 0x0000029684a376f0 15253       4       com.google.common.collect.ImmutableList::equals (6 bytes)
Event: 62.180 Thread 0x0000029684a376f0 nmethod 15253 0x00000296eda27e10 code [0x00000296eda27fe0, 0x00000296eda283f8]
Event: 62.266 Thread 0x00000296fe0be790 15254       3       org.gradle.internal.execution.steps.WorkspaceResult::lambda$getOutputAs$0 (11 bytes)
Event: 62.267 Thread 0x00000296fe0be790 nmethod 15254 0x00000296e60d2a90 code [0x00000296e60d2c40, 0x00000296e60d2e18]

GC Heap History (20 events):
Event: 30.317 GC heap before
{Heap before GC invocations=54 (full 0):
 garbage-first heap   total 247808K, used 233274K [0x0000000080000000, 0x0000000100000000)
  region size 1024K, 111 young (113664K), 7 survivors (7168K)
 Metaspace       used 122381K, committed 124736K, reserved 1179648K
  class space    used 17111K, committed 18240K, reserved 1048576K
}
Event: 30.325 GC heap after
{Heap after GC invocations=55 (full 0):
 garbage-first heap   total 247808K, used 128317K [0x0000000080000000, 0x0000000100000000)
  region size 1024K, 8 young (8192K), 8 survivors (8192K)
 Metaspace       used 122381K, committed 124736K, reserved 1179648K
  class space    used 17111K, committed 18240K, reserved 1048576K
}
Event: 30.541 GC heap before
{Heap before GC invocations=55 (full 0):
 garbage-first heap   total 247808K, used 232765K [0x0000000080000000, 0x0000000100000000)
  region size 1024K, 111 young (113664K), 8 survivors (8192K)
 Metaspace       used 122429K, committed 124736K, reserved 1179648K
  class space    used 17114K, committed 18240K, reserved 1048576K
}
Event: 30.551 GC heap after
{Heap after GC invocations=56 (full 0):
 garbage-first heap   total 247808K, used 128609K [0x0000000080000000, 0x0000000100000000)
  region size 1024K, 9 young (9216K), 9 survivors (9216K)
 Metaspace       used 122429K, committed 124736K, reserved 1179648K
  class space    used 17114K, committed 18240K, reserved 1048576K
}
Event: 30.708 GC heap before
{Heap before GC invocations=56 (full 0):
 garbage-first heap   total 247808K, used 233057K [0x0000000080000000, 0x0000000100000000)
  region size 1024K, 111 young (113664K), 9 survivors (9216K)
 Metaspace       used 122429K, committed 124736K, reserved 1179648K
  class space    used 17114K, committed 18240K, reserved 1048576K
}
Event: 30.718 GC heap after
{Heap after GC invocations=57 (full 0):
 garbage-first heap   total 247808K, used 129521K [0x0000000080000000, 0x0000000100000000)
  region size 1024K, 8 young (8192K), 8 survivors (8192K)
 Metaspace       used 122429K, committed 124736K, reserved 1179648K
  class space    used 17114K, committed 18240K, reserved 1048576K
}
Event: 30.952 GC heap before
{Heap before GC invocations=57 (full 0):
 garbage-first heap   total 247808K, used 232945K [0x0000000080000000, 0x0000000100000000)
  region size 1024K, 110 young (112640K), 8 survivors (8192K)
 Metaspace       used 122429K, committed 124736K, reserved 1179648K
  class space    used 17114K, committed 18240K, reserved 1048576K
}
Event: 30.961 GC heap after
{Heap after GC invocations=58 (full 0):
 garbage-first heap   total 395264K, used 129219K [0x0000000080000000, 0x0000000100000000)
  region size 1024K, 8 young (8192K), 8 survivors (8192K)
 Metaspace       used 122429K, committed 124736K, reserved 1179648K
  class space    used 17114K, committed 18240K, reserved 1048576K
}
Event: 31.432 GC heap before
{Heap before GC invocations=59 (full 0):
 garbage-first heap   total 395264K, used 356547K [0x0000000080000000, 0x0000000100000000)
  region size 1024K, 231 young (236544K), 8 survivors (8192K)
 Metaspace       used 122466K, committed 124800K, reserved 1179648K
  class space    used 17116K, committed 18240K, reserved 1048576K
}
Event: 31.440 GC heap after
{Heap after GC invocations=60 (full 0):
 garbage-first heap   total 395264K, used 131466K [0x0000000080000000, 0x0000000100000000)
  region size 1024K, 10 young (10240K), 10 survivors (10240K)
 Metaspace       used 122466K, committed 124800K, reserved 1179648K
  class space    used 17116K, committed 18240K, reserved 1048576K
}
Event: 31.918 GC heap before
{Heap before GC invocations=60 (full 0):
 garbage-first heap   total 395264K, used 356746K [0x0000000080000000, 0x0000000100000000)
  region size 1024K, 231 young (236544K), 10 survivors (10240K)
 Metaspace       used 122908K, committed 125312K, reserved 1179648K
  class space    used 17189K, committed 18368K, reserved 1048576K
}
Event: 31.931 GC heap after
{Heap after GC invocations=61 (full 0):
 garbage-first heap   total 395264K, used 132541K [0x0000000080000000, 0x0000000100000000)
  region size 1024K, 12 young (12288K), 12 survivors (12288K)
 Metaspace       used 122908K, committed 125312K, reserved 1179648K
  class space    used 17189K, committed 18368K, reserved 1048576K
}
Event: 32.350 GC heap before
{Heap before GC invocations=61 (full 0):
 garbage-first heap   total 395264K, used 355773K [0x0000000080000000, 0x0000000100000000)
  region size 1024K, 231 young (236544K), 12 survivors (12288K)
 Metaspace       used 123155K, committed 125632K, reserved 1179648K
  class space    used 17233K, committed 18432K, reserved 1048576K
}
Event: 32.362 GC heap after
{Heap after GC invocations=62 (full 0):
 garbage-first heap   total 395264K, used 133842K [0x0000000080000000, 0x0000000100000000)
  region size 1024K, 13 young (13312K), 13 survivors (13312K)
 Metaspace       used 123155K, committed 125632K, reserved 1179648K
  class space    used 17233K, committed 18432K, reserved 1048576K
}
Event: 32.976 GC heap before
{Heap before GC invocations=63 (full 0):
 garbage-first heap   total 395264K, used 356050K [0x0000000080000000, 0x0000000100000000)
  region size 1024K, 231 young (236544K), 13 survivors (13312K)
 Metaspace       used 123237K, committed 125696K, reserved 1179648K
  class space    used 17243K, committed 18432K, reserved 1048576K
}
Event: 32.990 GC heap after
{Heap after GC invocations=64 (full 0):
 garbage-first heap   total 395264K, used 134885K [0x0000000080000000, 0x0000000100000000)
  region size 1024K, 14 young (14336K), 14 survivors (14336K)
 Metaspace       used 123237K, committed 125696K, reserved 1179648K
  class space    used 17243K, committed 18432K, reserved 1048576K
}
Event: 33.263 GC heap before
{Heap before GC invocations=64 (full 0):
 garbage-first heap   total 395264K, used 357093K [0x0000000080000000, 0x0000000100000000)
  region size 1024K, 231 young (236544K), 14 survivors (14336K)
 Metaspace       used 123242K, committed 125696K, reserved 1179648K
  class space    used 17243K, committed 18432K, reserved 1048576K
}
Event: 33.274 GC heap after
{Heap after GC invocations=65 (full 0):
 garbage-first heap   total 395264K, used 135208K [0x0000000080000000, 0x0000000100000000)
  region size 1024K, 14 young (14336K), 14 survivors (14336K)
 Metaspace       used 123242K, committed 125696K, reserved 1179648K
  class space    used 17243K, committed 18432K, reserved 1048576K
}
Event: 33.626 GC heap before
{Heap before GC invocations=65 (full 0):
 garbage-first heap   total 395264K, used 357416K [0x0000000080000000, 0x0000000100000000)
  region size 1024K, 231 young (236544K), 14 survivors (14336K)
 Metaspace       used 123260K, committed 125696K, reserved 1179648K
  class space    used 17243K, committed 18432K, reserved 1048576K
}
Event: 33.641 GC heap after
{Heap after GC invocations=66 (full 0):
 garbage-first heap   total 395264K, used 136040K [0x0000000080000000, 0x0000000100000000)
  region size 1024K, 15 young (15360K), 15 survivors (15360K)
 Metaspace       used 123260K, committed 125696K, reserved 1179648K
  class space    used 17243K, committed 18432K, reserved 1048576K
}

Dll operation events (3 events):
Event: 0.009 Loaded shared library C:\Program Files\Android\Android Studio\jbr\bin\java.dll
Event: 0.014 Loaded shared library C:\Program Files\Android\Android Studio\jbr\bin\zip.dll
Event: 1.182 Loaded shared library C:\Program Files\Android\Android Studio\jbr\bin\verify.dll

Deoptimization events (20 events):
Event: 62.001 Thread 0x0000029685857310 DEOPT PACKING pc=0x00000296ed566898 sp=0x000000c9ceafaff0
Event: 62.001 Thread 0x0000029685857310 DEOPT UNPACKING pc=0x00000296ecc643a2 sp=0x000000c9ceafaf78 mode 2
Event: 62.003 Thread 0x0000029685857310 Uncommon trap: trap_request=0xffffffde fr.pc=0x00000296ed9b4dfc relative=0x00000000000005fc
Event: 62.003 Thread 0x0000029685857310 Uncommon trap: reason=class_check action=maybe_recompile pc=0x00000296ed9b4dfc method=java.util.HashMap.removeNode(ILjava/lang/Object;Ljava/lang/Object;ZZ)Ljava/util/HashMap$Node; @ 68 c2
Event: 62.003 Thread 0x0000029685857310 DEOPT PACKING pc=0x00000296ed9b4dfc sp=0x000000c9ceafac20
Event: 62.003 Thread 0x0000029685857310 DEOPT UNPACKING pc=0x00000296ecc643a2 sp=0x000000c9ceafab48 mode 2
Event: 62.005 Thread 0x0000029685857310 Uncommon trap: trap_request=0xffffffde fr.pc=0x00000296ed9b4dfc relative=0x00000000000005fc
Event: 62.005 Thread 0x0000029685857310 Uncommon trap: reason=class_check action=maybe_recompile pc=0x00000296ed9b4dfc method=java.util.HashMap.removeNode(ILjava/lang/Object;Ljava/lang/Object;ZZ)Ljava/util/HashMap$Node; @ 68 c2
Event: 62.005 Thread 0x0000029685857310 DEOPT PACKING pc=0x00000296ed9b4dfc sp=0x000000c9ceafacb0
Event: 62.005 Thread 0x0000029685857310 DEOPT UNPACKING pc=0x00000296ecc643a2 sp=0x000000c9ceafabd8 mode 2
Event: 62.007 Thread 0x0000029685857310 Uncommon trap: trap_request=0xffffffde fr.pc=0x00000296ed9b4dfc relative=0x00000000000005fc
Event: 62.007 Thread 0x0000029685857310 Uncommon trap: reason=class_check action=maybe_recompile pc=0x00000296ed9b4dfc method=java.util.HashMap.removeNode(ILjava/lang/Object;Ljava/lang/Object;ZZ)Ljava/util/HashMap$Node; @ 68 c2
Event: 62.008 Thread 0x0000029685857310 DEOPT PACKING pc=0x00000296ed9b4dfc sp=0x000000c9ceafad50
Event: 62.008 Thread 0x0000029685857310 DEOPT UNPACKING pc=0x00000296ecc643a2 sp=0x000000c9ceafac78 mode 2
Event: 62.010 Thread 0x0000029685857310 Uncommon trap: trap_request=0xffffffde fr.pc=0x00000296ed70842c relative=0x00000000000005ac
Event: 62.010 Thread 0x0000029685857310 Uncommon trap: reason=class_check action=maybe_recompile pc=0x00000296ed70842c method=java.util.HashMap.removeNode(ILjava/lang/Object;Ljava/lang/Object;ZZ)Ljava/util/HashMap$Node; @ 68 c2
Event: 62.010 Thread 0x0000029685857310 DEOPT PACKING pc=0x00000296ed70842c sp=0x000000c9ceafad40
Event: 62.010 Thread 0x0000029685857310 DEOPT UNPACKING pc=0x00000296ecc643a2 sp=0x000000c9ceafad08 mode 2
Event: 62.227 Thread 0x0000029680d7fd70 DEOPT PACKING pc=0x00000296e5964641 sp=0x000000c9ca3fe960
Event: 62.227 Thread 0x0000029680d7fd70 DEOPT UNPACKING pc=0x00000296ecc64b42 sp=0x000000c9ca3fde00 mode 0

Classes loaded (20 events):
Event: 32.052 Loading class sun/rmi/transport/DGCAckHandler
Event: 32.052 Loading class sun/rmi/transport/DGCAckHandler done
Event: 32.060 Loading class sun/rmi/transport/DGCAckHandler$1
Event: 32.060 Loading class sun/rmi/transport/DGCAckHandler$1 done
Event: 32.138 Loading class sun/rmi/transport/tcp/TCPTransport$ConnectionHandler
Event: 32.138 Loading class sun/rmi/transport/tcp/TCPTransport$ConnectionHandler done
Event: 32.148 Loading class sun/rmi/transport/Transport$1
Event: 32.148 Loading class sun/rmi/transport/Transport$1 done
Event: 32.150 Loading class sun/rmi/transport/DGCImpl$LeaseInfo
Event: 32.150 Loading class sun/rmi/transport/DGCImpl$LeaseInfo done
Event: 32.150 Loading class sun/rmi/transport/DGCImpl$1
Event: 32.150 Loading class sun/rmi/transport/DGCImpl$1 done
Event: 32.150 Loading class sun/rmi/transport/SequenceEntry
Event: 32.150 Loading class sun/rmi/transport/SequenceEntry done
Event: 32.650 Loading class java/util/concurrent/ConcurrentSkipListMap$KeySet
Event: 32.650 Loading class java/util/concurrent/ConcurrentSkipListMap$KeySet done
Event: 32.650 Loading class java/util/concurrent/ConcurrentSkipListMap$KeyIterator
Event: 32.650 Loading class java/util/concurrent/ConcurrentSkipListMap$KeyIterator done
Event: 61.830 Loading class sun/nio/fs/WindowsUriSupport
Event: 61.832 Loading class sun/nio/fs/WindowsUriSupport done

Classes unloaded (0 events):
No events

Classes redefined (0 events):
No events

Internal exceptions (20 events):
Event: 62.188 Thread 0x0000029685857310 Exception <a 'sun/nio/fs/WindowsException'{0x000000008d878c78}> (0x000000008d878c78) 
thrown [s\src\hotspot\share\prims\jni.cpp, line 537]
Event: 62.188 Thread 0x000002968259f870 Exception <a 'sun/nio/fs/WindowsException'{0x000000008d705520}> (0x000000008d705520) 
thrown [s\src\hotspot\share\prims\jni.cpp, line 537]
Event: 62.196 Thread 0x000002968259de30 Exception <a 'sun/nio/fs/WindowsException'{0x000000008d3b6b78}> (0x000000008d3b6b78) 
thrown [s\src\hotspot\share\prims\jni.cpp, line 537]
Event: 62.202 Thread 0x000002968259f870 Exception <a 'sun/nio/fs/WindowsException'{0x000000008cfb4328}> (0x000000008cfb4328) 
thrown [s\src\hotspot\share\prims\jni.cpp, line 537]
Event: 62.204 Thread 0x0000029685cbd250 Exception <a 'sun/nio/fs/WindowsException'{0x000000008cc45448}> (0x000000008cc45448) 
thrown [s\src\hotspot\share\prims\jni.cpp, line 537]
Event: 62.205 Thread 0x0000029685857310 Exception <a 'sun/nio/fs/WindowsException'{0x000000008cc8ec98}> (0x000000008cc8ec98) 
thrown [s\src\hotspot\share\prims\jni.cpp, line 537]
Event: 62.216 Thread 0x000002968259de30 Exception <a 'sun/nio/fs/WindowsException'{0x000000008c3e5360}> (0x000000008c3e5360) 
thrown [s\src\hotspot\share\prims\jni.cpp, line 537]
Event: 62.219 Thread 0x0000029683066370 Exception <a 'sun/nio/fs/WindowsException'{0x000000008bf06a70}> (0x000000008bf06a70) 
thrown [s\src\hotspot\share\prims\jni.cpp, line 537]
Event: 62.220 Thread 0x0000029683065ce0 Exception <a 'sun/nio/fs/WindowsException'{0x000000008be8e290}> (0x000000008be8e290) 
thrown [s\src\hotspot\share\prims\jni.cpp, line 537]
Event: 62.221 Thread 0x0000029685cb9dd0 Exception <a 'sun/nio/fs/WindowsException'{0x000000008be79a70}> (0x000000008be79a70) 
thrown [s\src\hotspot\share\prims\jni.cpp, line 537]
Event: 62.222 Thread 0x00000296825a0590 Exception <a 'sun/nio/fs/WindowsException'{0x000000008bd1d200}> (0x000000008bd1d200) 
thrown [s\src\hotspot\share\prims\jni.cpp, line 537]
Event: 62.236 Thread 0x000002968259f870 Exception <a 'sun/nio/fs/WindowsException'{0x000000008b548870}> (0x000000008b548870) 
thrown [s\src\hotspot\share\prims\jni.cpp, line 537]
Event: 62.238 Thread 0x0000029685cbd250 Exception <a 'sun/nio/fs/WindowsException'{0x000000008b20b040}> (0x000000008b20b040) 
thrown [s\src\hotspot\share\prims\jni.cpp, line 537]
Event: 62.242 Thread 0x00000296825a0590 Exception <a 'sun/nio/fs/WindowsException'{0x000000008b020f00}> (0x000000008b020f00) 
thrown [s\src\hotspot\share\prims\jni.cpp, line 537]
Event: 62.244 Thread 0x0000029683066370 Exception <a 'sun/nio/fs/WindowsException'{0x000000008af6d740}> (0x000000008af6d740) 
thrown [s\src\hotspot\share\prims\jni.cpp, line 537]
Event: 62.250 Thread 0x000002968259de30 Exception <a 'sun/nio/fs/WindowsException'{0x000000008ab80298}> (0x000000008ab80298) 
thrown [s\src\hotspot\share\prims\jni.cpp, line 537]
Event: 62.257 Thread 0x0000029685cb9dd0 Exception <a 'sun/nio/fs/WindowsException'{0x000000008a78e260}> (0x000000008a78e260) 
thrown [s\src\hotspot\share\prims\jni.cpp, line 537]
Event: 62.260 Thread 0x0000029685cbd250 Exception <a 'sun/nio/fs/WindowsException'{0x000000008a415dc8}> (0x000000008a415dc8) 
thrown [s\src\hotspot\share\prims\jni.cpp, line 537]
Event: 62.261 Thread 0x0000029683065ce0 Exception <a 'sun/nio/fs/WindowsException'{0x000000008a45ffb0}> (0x000000008a45ffb0) 
thrown [s\src\hotspot\share\prims\jni.cpp, line 537]
Event: 62.269 Thread 0x000002968259f870 Exception <a 'sun/nio/fs/WindowsException'{0x000000008a297578}> (0x000000008a297578) 
thrown [s\src\hotspot\share\prims\jni.cpp, line 537]

ZGC Phase Switch (0 events):
No events

VM Operations (20 events):
Event: 58.912 Executing safepoint VM operation: Cleanup
Event: 58.912 Executing safepoint VM operation: Cleanup done
Event: 59.913 Executing safepoint VM operation: Cleanup
Event: 59.913 Executing safepoint VM operation: Cleanup done
Event: 60.133 Executing non-safepoint VM operation: HandshakeAllThreads (HandshakeForDeflation)
Event: 60.133 Executing non-safepoint VM operation: HandshakeAllThreads (HandshakeForDeflation) done
Event: 60.133 Executing non-safepoint VM operation: RendezvousGCThreads
Event: 60.133 Executing non-safepoint VM operation: RendezvousGCThreads done
Event: 61.134 Executing safepoint VM operation: Cleanup
Event: 61.134 Executing safepoint VM operation: Cleanup done
Event: 61.859 Executing non-safepoint VM operation: HandshakeAllThreads (Deoptimize)
Event: 61.860 Executing non-safepoint VM operation: HandshakeAllThreads (Deoptimize) done
Event: 61.921 Executing non-safepoint VM operation: HandshakeAllThreads (Deoptimize)
Event: 61.921 Executing non-safepoint VM operation: HandshakeAllThreads (Deoptimize) done
Event: 61.923 Executing non-safepoint VM operation: HandshakeAllThreads (Deoptimize)
Event: 61.923 Executing non-safepoint VM operation: HandshakeAllThreads (Deoptimize) done
Event: 61.968 Executing non-safepoint VM operation: HandshakeAllThreads (Deoptimize)
Event: 61.969 Executing non-safepoint VM operation: HandshakeAllThreads (Deoptimize) done
Event: 61.975 Executing non-safepoint VM operation: HandshakeAllThreads (Deoptimize)
Event: 61.975 Executing non-safepoint VM operation: HandshakeAllThreads (Deoptimize) done

Memory protections (0 events):
No events

Nmethod flushes (20 events):
Event: 33.836 Thread 0x00000296f9c776a0 flushing  nmethod 0x00000296e6097b90
Event: 33.836 Thread 0x00000296f9c776a0 flushing  nmethod 0x00000296e6158c90
Event: 33.836 Thread 0x00000296f9c776a0 flushing  nmethod 0x00000296e6286690
Event: 33.836 Thread 0x00000296f9c776a0 flushing  nmethod 0x00000296e6307e10
Event: 33.836 Thread 0x00000296f9c776a0 flushing  nmethod 0x00000296e6c34710
Event: 33.836 Thread 0x00000296f9c776a0 flushing  nmethod 0x00000296ed2f5010
Event: 33.836 Thread 0x00000296f9c776a0 flushing  nmethod 0x00000296ed70d390
Event: 33.836 Thread 0x00000296f9c776a0 flushing  nmethod 0x00000296e5812990
Event: 33.836 Thread 0x00000296f9c776a0 flushing  nmethod 0x00000296e58d8010
Event: 33.836 Thread 0x00000296f9c776a0 flushing  nmethod 0x00000296e5945190
Event: 33.836 Thread 0x00000296f9c776a0 flushing  nmethod 0x00000296e5a32690
Event: 33.836 Thread 0x00000296f9c776a0 flushing  nmethod 0x00000296e5a34c10
Event: 33.836 Thread 0x00000296f9c776a0 flushing  nmethod 0x00000296e5e58c90
Event: 33.836 Thread 0x00000296f9c776a0 flushing  nmethod 0x00000296e5ea4810
Event: 33.836 Thread 0x00000296f9c776a0 flushing  nmethod 0x00000296e5fd2e10
Event: 33.836 Thread 0x00000296f9c776a0 flushing  nmethod 0x00000296e60d2a90
Event: 33.836 Thread 0x00000296f9c776a0 flushing  nmethod 0x00000296e6389e10
Event: 33.836 Thread 0x00000296f9c776a0 flushing  nmethod 0x00000296e64e5410
Event: 33.836 Thread 0x00000296f9c776a0 flushing  nmethod 0x00000296e6591790
Event: 33.836 Thread 0x00000296f9c776a0 flushing  nmethod 0x00000296e6a1ed90

Events (20 events):
Event: 29.287 Thread 0x000002968585c860 Thread added: 0x000002968be9f580
Event: 29.287 Thread 0x000002968585c860 Thread added: 0x000002968be99310
Event: 29.287 Thread 0x000002968585c860 Thread added: 0x0000029684e38780
Event: 29.288 Thread 0x000002968585c860 Thread added: 0x0000029684e3a1c0
Event: 29.291 Thread 0x000002968585c860 Thread added: 0x0000029684e3b570
Event: 29.581 Thread 0x000002968be9eef0 Thread added: 0x0000029684e39b30
Event: 31.015 Thread 0x00000296801a7e90 Thread exited: 0x00000296801a7e90
Event: 31.629 Thread 0x0000029684e39b30 Thread exited: 0x0000029684e39b30
Event: 31.780 Thread 0x000002968be9eef0 Thread added: 0x0000029684e36d40
Event: 31.790 Thread 0x000002968be9eef0 Thread added: 0x0000029684e3aee0
Event: 31.792 Loaded shared library C:\Program Files\Android\Android Studio\jbr\bin\rmi.dll
Event: 31.793 Thread 0x000002968be9eef0 Thread added: 0x0000029684e380f0
Event: 31.953 Thread 0x00000296fe0be790 Thread added: 0x0000029684a376f0
Event: 32.007 Thread 0x000002968be9eef0 Thread added: 0x0000029684e37a60
Event: 32.007 Thread 0x000002968be9eef0 Thread added: 0x0000029684e39b30
Event: 32.139 Thread 0x0000029684e37a60 Thread added: 0x0000029684e35990
Event: 33.050 Thread 0x0000029684a376f0 Thread exited: 0x0000029684a376f0
Event: 61.840 Thread 0x00000296fe0bacd0 Thread added: 0x0000029684a376f0
Event: 61.840 Thread 0x00000296fe0bacd0 Thread added: 0x000002968b170c20
Event: 62.266 Thread 0x000002968b170c20 Thread exited: 0x000002968b170c20


Dynamic libraries:
0x00007ff75b760000 - 0x00007ff75b76a000 	C:\Program Files\Android\Android Studio\jbr\bin\java.exe
0x00007ffc14df0000 - 0x00007ffc14fe8000 	C:\Windows\SYSTEM32\ntdll.dll
0x00007ffc14bb0000 - 0x00007ffc14c72000 	C:\Windows\System32\KERNEL32.DLL
0x00007ffc12480000 - 0x00007ffc12776000 	C:\Windows\System32\KERNELBASE.dll
0x00007ffc12bb0000 - 0x00007ffc12cb0000 	C:\Windows\System32\ucrtbase.dll
0x00007ffbfad90000 - 0x00007ffbfada8000 	C:\Program Files\Android\Android Studio\jbr\bin\jli.dll
0x00007ffbfd000000 - 0x00007ffbfd01b000 	C:\Program Files\Android\Android Studio\jbr\bin\VCRUNTIME140.dll
0x00007ffc12e10000 - 0x00007ffc12fb1000 	C:\Windows\System32\USER32.dll
0x00007ffc12d60000 - 0x00007ffc12d82000 	C:\Windows\System32\win32u.dll
0x00007ffc05350000 - 0x00007ffc055eb000 	C:\Windows\WinSxS\amd64_microsoft.windows.common-controls_6595b64144ccf1df_6.0.19041.6456_none_60b8a6cb71f64256\COMCTL32.dll
0x00007ffc14b20000 - 0x00007ffc14b4b000 	C:\Windows\System32\GDI32.dll
0x00007ffc12800000 - 0x00007ffc12919000 	C:\Windows\System32\gdi32full.dll
0x00007ffc13bd0000 - 0x00007ffc13c6e000 	C:\Windows\System32\msvcrt.dll
0x00007ffc12a80000 - 0x00007ffc12b1d000 	C:\Windows\System32\msvcp_win.dll
0x00007ffc140e0000 - 0x00007ffc1410f000 	C:\Windows\System32\IMM32.DLL
0x00007ffc0d1c0000 - 0x00007ffc0d1cc000 	C:\Program Files\Android\Android Studio\jbr\bin\vcruntime140_1.dll
0x00007ffbca6c0000 - 0x00007ffbca74d000 	C:\Program Files\Android\Android Studio\jbr\bin\msvcp140.dll
0x00007ffbc0950000 - 0x00007ffbc15e6000 	C:\Program Files\Android\Android Studio\jbr\bin\server\jvm.dll
0x00007ffc14cf0000 - 0x00007ffc14da1000 	C:\Windows\System32\ADVAPI32.dll
0x00007ffc137d0000 - 0x00007ffc1386f000 	C:\Windows\System32\sechost.dll
0x00007ffc14a00000 - 0x00007ffc14b20000 	C:\Windows\System32\RPCRT4.dll
0x00007ffc127d0000 - 0x00007ffc127f7000 	C:\Windows\System32\bcrypt.dll
0x00007ffc14c80000 - 0x00007ffc14ceb000 	C:\Windows\System32\WS2_32.dll
0x00007ffc119c0000 - 0x00007ffc11a0b000 	C:\Windows\SYSTEM32\POWRPROF.dll
0x00007ffc09a40000 - 0x00007ffc09a67000 	C:\Windows\SYSTEM32\WINMM.dll
0x00007ffc0bda0000 - 0x00007ffc0bdaa000 	C:\Windows\SYSTEM32\VERSION.dll
0x00007ffc11880000 - 0x00007ffc11892000 	C:\Windows\SYSTEM32\UMPDC.dll
0x00007ffc10310000 - 0x00007ffc10322000 	C:\Windows\SYSTEM32\kernel.appcore.dll
0x00007ffc0ce80000 - 0x00007ffc0ce8a000 	C:\Program Files\Android\Android Studio\jbr\bin\jimage.dll
0x00007ffc069b0000 - 0x00007ffc06bb1000 	C:\Windows\SYSTEM32\DBGHELP.DLL
0x00007ffc013d0000 - 0x00007ffc01404000 	C:\Windows\SYSTEM32\dbgcore.DLL
0x00007ffc12b20000 - 0x00007ffc12ba2000 	C:\Windows\System32\bcryptPrimitives.dll
0x00007ffbfe5b0000 - 0x00007ffbfe5be000 	C:\Program Files\Android\Android Studio\jbr\bin\instrument.dll
0x00007ffbfaf20000 - 0x00007ffbfaf40000 	C:\Program Files\Android\Android Studio\jbr\bin\java.dll
0x00007ffbfad10000 - 0x00007ffbfad28000 	C:\Program Files\Android\Android Studio\jbr\bin\zip.dll
0x00007ffc14290000 - 0x00007ffc14a00000 	C:\Windows\System32\SHELL32.dll
0x00007ffc10510000 - 0x00007ffc10cb5000 	C:\Windows\SYSTEM32\windows.storage.dll
0x00007ffc13870000 - 0x00007ffc13bc4000 	C:\Windows\System32\combase.dll
0x00007ffc11eb0000 - 0x00007ffc11edb000 	C:\Windows\SYSTEM32\Wldp.dll
0x00007ffc13560000 - 0x00007ffc1362d000 	C:\Windows\System32\OLEAUT32.dll
0x00007ffc131d0000 - 0x00007ffc1327d000 	C:\Windows\System32\SHCORE.dll
0x00007ffc12fc0000 - 0x00007ffc1301b000 	C:\Windows\System32\shlwapi.dll
0x00007ffc123b0000 - 0x00007ffc123d4000 	C:\Windows\SYSTEM32\profapi.dll
0x00007ffc0c3e0000 - 0x00007ffc0c3f0000 	C:\Program Files\Android\Android Studio\jbr\bin\net.dll
0x00007ffc0bfe0000 - 0x00007ffc0c0ea000 	C:\Windows\SYSTEM32\WINHTTP.dll
0x00007ffc11c10000 - 0x00007ffc11c7a000 	C:\Windows\system32\mswsock.dll
0x00007ffbfacf0000 - 0x00007ffbfad06000 	C:\Program Files\Android\Android Studio\jbr\bin\nio.dll
0x00007ffc0b050000 - 0x00007ffc0b060000 	C:\Program Files\Android\Android Studio\jbr\bin\verify.dll
0x00007ffb54b90000 - 0x00007ffb54bb7000 	C:\Users\breno\scoop\apps\gradle\current\.gradle\native\660c5614fbf4a5f2a75b1949f50a0caf5cd603558e7d8a26e50b933a0cfb79d1\windows-amd64\native-platform.dll
0x00007ffbc6350000 - 0x00007ffbc63c7000 	C:\Users\breno\scoop\apps\gradle\current\.gradle\native\0.2.8\x86_64-windows-gnu\gradle-fileevents.dll
0x00007ffc004d0000 - 0x00007ffc004d9000 	C:\Program Files\Android\Android Studio\jbr\bin\management.dll
0x00007ffbfeec0000 - 0x00007ffbfeecb000 	C:\Program Files\Android\Android Studio\jbr\bin\management_ext.dll
0x00007ffc13540000 - 0x00007ffc13548000 	C:\Windows\System32\PSAPI.DLL
0x00007ffc118a0000 - 0x00007ffc118db000 	C:\Windows\SYSTEM32\IPHLPAPI.DLL
0x00007ffc13550000 - 0x00007ffc13558000 	C:\Windows\System32\NSI.dll
0x00007ffc01890000 - 0x00007ffc01899000 	C:\Program Files\Android\Android Studio\jbr\bin\extnet.dll
0x00007ffc11e10000 - 0x00007ffc11e28000 	C:\Windows\SYSTEM32\CRYPTSP.dll
0x00007ffc11450000 - 0x00007ffc11488000 	C:\Windows\system32\rsaenh.dll
0x00007ffc12330000 - 0x00007ffc1235e000 	C:\Windows\SYSTEM32\USERENV.dll
0x00007ffc11e00000 - 0x00007ffc11e0c000 	C:\Windows\SYSTEM32\CRYPTBASE.dll
0x00007ffc0b000000 - 0x00007ffc0b007000 	C:\Windows\system32\wshunix.dll
0x00007ffbfeae0000 - 0x00007ffbfeae7000 	C:\Program Files\Android\Android Studio\jbr\bin\rmi.dll

JVMTI agents:
C:\Users\breno\scoop\apps\gradle\current\.gradle\wrapper\dists\gradle-9.3.1-bin\23ovyewtku6u96viwx3xl3oks\gradle-9.3.1\lib\agents\gradle-instrumentation-agent-9.3.1.jar path:C:\Program Files\Android\Android Studio\jbr\bin\instrument.dll, loaded, initialized, instrumentlib options:none

dbghelp: loaded successfully - version: 4.0.5 - missing functions: none
symbol engine: initialized successfully - sym options: 0x614 - pdb path: .;C:\Program Files\Android\Android Studio\jbr\bin;C:\Windows\SYSTEM32;C:\Windows\WinSxS\amd64_microsoft.windows.common-controls_6595b64144ccf1df_6.0.19041.6456_none_60b8a6cb71f64256;C:\Program Files\Android\Android Studio\jbr\bin\server;C:\Users\breno\scoop\apps\gradle\current\.gradle\native\660c5614fbf4a5f2a75b1949f50a0caf5cd603558e7d8a26e50b933a0cfb79d1\windows-amd64;C:\Users\breno\scoop\apps\gradle\current\.gradle\native\0.2.8\x86_64-windows-gnu

VM Arguments:
jvm_args: --add-opens=java.base/java.lang=ALL-UNNAMED --add-opens=java.base/java.lang.invoke=ALL-UNNAMED --add-opens=java.base/java.util=ALL-UNNAMED --add-opens=java.prefs/java.util.prefs=ALL-UNNAMED --add-exports=jdk.compiler/com.sun.tools.javac.api=ALL-UNNAMED --add-exports=jdk.compiler/com.sun.tools.javac.util=ALL-UNNAMED --add-opens=java.base/java.util=ALL-UNNAMED --add-opens=java.prefs/java.util.prefs=ALL-UNNAMED --add-opens=java.base/java.nio.charset=ALL-UNNAMED --add-opens=java.base/java.net=ALL-UNNAMED --add-opens=java.base/java.util.concurrent=ALL-UNNAMED --add-opens=java.base/java.util.concurrent.atomic=ALL-UNNAMED --add-opens=java.xml/javax.xml.namespace=ALL-UNNAMED --add-opens=java.base/java.time=ALL-UNNAMED -Xmx2048m -Dfile.encoding=UTF-8 -Duser.country=BR -Duser.language=pt -Duser.variant -javaagent:C:\Users\breno\scoop\apps\gradle\current\.gradle\wrapper\dists\gradle-9.3.1-bin\23ovyewtku6u96viwx3xl3oks\gradle-9.3.1\lib\agents\gradle-instrumentation-agent-9.3.1.jar 
java_command: org.gradle.launcher.daemon.bootstrap.GradleDaemon 9.3.1
java_class_path (initial): C:\Users\breno\scoop\apps\gradle\current\.gradle\wrapper\dists\gradle-9.3.1-bin\23ovyewtku6u96viwx3xl3oks\gradle-9.3.1\lib\gradle-daemon-main-9.3.1.jar
Launcher Type: SUN_STANDARD

[Global flags]
     intx CICompilerCount                          = 4                                         {product} {ergonomic}
     uint ConcGCThreads                            = 2                                         {product} {ergonomic}
     uint G1ConcRefinementThreads                  = 8                                         {product} {ergonomic}
   size_t G1HeapRegionSize                         = 1048576                                   {product} {ergonomic}
    uintx GCDrainStackTargetSize                   = 64                                        {product} {ergonomic}
   size_t InitialHeapSize                          = 134217728                                 {product} {ergonomic}
   size_t MarkStackSize                            = 4194304                                   {product} {ergonomic}
   size_t MaxHeapSize                              = 2147483648                                {product} {command line}
   size_t MaxNewSize                               = 1287651328                                {product} {ergonomic}
   size_t MinHeapDeltaBytes                        = 1048576                                   {product} {ergonomic}
   size_t MinHeapSize                              = 8388608                                   {product} {ergonomic}
    uintx NonNMethodCodeHeapSize                   = 5839372                                {pd product} {ergonomic}
    uintx NonProfiledCodeHeapSize                  = 122909434                              {pd product} {ergonomic}
    uintx ProfiledCodeHeapSize                     = 122909434                              {pd product} {ergonomic}
    uintx ReservedCodeCacheSize                    = 251658240                              {pd product} {ergonomic}
     bool SegmentedCodeCache                       = true                                      {product} {ergonomic}
   size_t SoftMaxHeapSize                          = 2147483648                             {manageable} {ergonomic}
     bool UseCompressedOops                        = true                           {product lp64_product} {ergonomic}
     bool UseG1GC                                  = true                                      {product} {ergonomic}
     bool UseLargePagesIndividualAllocation        = false                                  {pd product} {ergonomic}

Logging:
Log output configuration:
 #0: stdout all=warning uptime,level,tags foldmultilines=false
 #1: stderr all=off uptime,level,tags foldmultilines=false

Release file:
JAVA_VERSION="21.0.10" 
MODULES="java.base java.compiler java.datatransfer java.xml java.prefs java.desktop java.instrument java.logging java.management java.security.sasl java.naming java.rmi java.management.rmi java.net.http java.scripting java.security.jgss java.transaction.xa java.sql java.sql.rowset java.xml.crypto java.se java.smartcardio jdk.accessibility jdk.internal.jvmstat jdk.attach jdk.charsets jdk.internal.opt jdk.zipfs jdk.compiler jdk.crypto.ec jdk.crypto.cryptoki jdk.dynalink jdk.hotspot.agent jdk.httpserver jdk.internal.ed jdk.internal.le jdk.internal.vm.ci jdk.jartool jdk.javadoc jdk.jcmd jdk.jdeps jdk.jdwp.agent jdk.jdi jdk.jfr jdk.jlink jdk.jsobject jdk.localedata jdk.management jdk.management.agent jdk.management.jfr jdk.naming.dns jdk.naming.rmi jdk.net jdk.sctp jdk.security.auth jdk.security.jgss jdk.unsupported jdk.unsupported.desktop jdk.xml.dom" 
IMPLEMENTOR="JetBrains s.r.o." 
JAVA_RUNTIME_VERSION="21.0.10+-14961533-b1163.108" 
LIBC="default" 
OS_ARCH="x86_64" 
OS_NAME="Windows" 
SOURCE=".:git:1351622c2ff2" 

Environment Variables:
PATH=C:\Program Files\Common Files\Oracle\Java\javapath;C:\Program Files (x86)\Common Files\Oracle\Java\java8path;C:\Program Files (x86)\Common Files\Oracle\Java\javapath;C:\Python312\Scripts\;C:\Python312\;C:\Windows\system32;C:\Windows;C:\Windows\System32\Wbem;C:\Windows\System32\WindowsPowerShell\v1.0\;C:\Windows\System32\OpenSSH\;C:\Program Files\nodejs\;C:\ProgramData\chocolatey\bin;C:\Program Files\Git\cmd;C:\Program Files (x86)\NVIDIA Corporation\PhysX\Common;C:\ProgramData\chocolatey\lib\maven\apache-maven-3.9.9\bin;C:\Users\breno\scoop\shims;C:\Users\breno\AppData\Local\Microsoft\WindowsApps;C:\Users\breno\AppData\Local\Programs\Microsoft VS Code\bin;C:\Users\breno\AppData\Roaming\npm;C:\ProgramData\breno\atom\bin;C:\Users\breno\AppData\Local\Programs\Zed\bin;C:\tools\dart-sdk\bin;C:\Users\breno\AppData\Local\Pub\Cache\bin;C:\Users\breno\flutter\bin
USERNAME=breno
OS=Windows_NT
PROCESSOR_IDENTIFIER=Intel64 Family 6 Model 58 Stepping 9, GenuineIntel
TMP=C:\Users\breno\AppData\Local\Temp
TEMP=C:\Users\breno\AppData\Local\Temp




Periodic native trim disabled

JNI global refs:
JNI global refs: 28, weak refs: 1

JNI global refs memory usage: 835, weak refs: 833

Process memory usage:
Resident Set Size: 717824K (8% of 8352464K total physical memory with 605904K free physical memory)

OOME stack traces (most recent first):
Classloader memory used:
Loader org.gradle.internal.classloader.VisitableURLClassLoader                         : 46555K
Loader org.gradle.internal.classloader.VisitableURLClassLoader$InstrumentingVisitableURLClassLoader: 32805K
Loader bootstrap                                                                       : 29783K
Loader org.gradle.initialization.MixInLegacyTypesClassLoader                           : 13272K
Loader jdk.internal.reflect.DelegatingClassLoader                                      : 543K
Loader jdk.internal.loader.ClassLoaders$AppClassLoader                                 : 231K
Loader org.gradle.internal.classloader.VisitableURLClassLoader                         : 216K
Loader jdk.internal.loader.ClassLoaders$PlatformClassLoader                            : 180K
Loader org.gradle.groovy.scripts.internal.DefaultScriptCompilationHandler$ScriptClassLoader: 129K

Classes loaded by more than one classloader:
Class Program                                                                         : loaded 5 times (x 72B)
Class Build_gradle                                                                    : loaded 3 times (x 126B)
Class com.google.common.collect.RegularImmutableMap$KeySet                            : loaded 2 times (x 152B)
Class org.gradle.internal.classloader.FilteringClassLoader                            : loaded 2 times (x 105B)
Class com.google.common.base.CharMatcher$IsEither                                     : loaded 2 times (x 111B)
Class org.gradle.internal.classloader.ClassLoaderHierarchy                            : loaded 2 times (x 70B)
Class com.google.common.collect.ImmutableEnumSet                                      : loaded 2 times (x 146B)
Class com.google.common.util.concurrent.ExecutionError                                : loaded 2 times (x 82B)
Class com.google.common.collect.ImmutableList$1                                       : loaded 2 times (x 97B)
Class ijKotlinCoroutineJvmDebugInit1_9944wt7teiyq6lw8v67k619pp$_run_closure1$_closure2: loaded 2 times (x 139B)
Class org.gradle.api.internal.classpath.ManifestUtil                                  : loaded 2 times (x 71B)
Class com.google.common.collect.RegularImmutableMap                                   : loaded 2 times (x 121B)
Class com.google.common.collect.ImmutableMap$MapViewOfValuesAsSingletonSets           : loaded 2 times (x 126B)
Class [Lorg.objectweb.asm.Symbol;                                                     : loaded 2 times (x 69B)
Class org.objectweb.asm.ClassVisitor                                                  : loaded 2 times (x 88B)
Class com.google.common.collect.UnmodifiableListIterator                              : loaded 2 times (x 95B)
Class com.google.common.base.Platform$JdkPatternCompiler                              : loaded 2 times (x 75B)
Class org.objectweb.asm.MethodTooLargeException                                       : loaded 2 times (x 83B)
Class [Lcom.google.common.cache.CacheBuilder$OneWeigher;                              : loaded 2 times (x 69B)
Class com.google.common.base.Suppliers                                                : loaded 2 times (x 71B)
Class org.gradle.internal.classloader.DefaultClassLoaderFactory                       : loaded 2 times (x 82B)
Class org.gradle.internal.classloader.ClassLoaderVisitor                              : loaded 2 times (x 76B)
Class [Lcom.google.common.collect.ImmutableMapEntry;                                  : loaded 2 times (x 69B)
Class org.gradle.api.internal.classpath.EffectiveClassPath                            : loaded 2 times (x 90B)
Class com.google.common.collect.ListMultimap                                          : loaded 2 times (x 70B)
Class com.google.common.collect.ImmutableEnumMap                                      : loaded 2 times (x 126B)
Class com.google.common.collect.ImmutableSet$SerializedForm                           : loaded 2 times (x 73B)
Class com.google.common.collect.Sets$1                                                : loaded 2 times (x 139B)
Class org.objectweb.asm.AnnotationVisitor                                             : loaded 2 times (x 78B)
Class org.gradle.api.internal.DefaultClassPathProvider                                : loaded 2 times (x 76B)
Class com.google.common.collect.Sets$2                                                : loaded 2 times (x 139B)
Class [Lorg.gradle.api.internal.ClassPathProvider;                                    : loaded 2 times (x 69B)
Class org.gradle.api.internal.ClassPathProvider                                       : loaded 2 times (x 70B)
Class [Lorg.objectweb.asm.AnnotationVisitor;                                          : loaded 2 times (x 69B)
Class com.google.common.collect.Sets$3                                                : loaded 2 times (x 139B)
Class com.google.common.cache.LocalCache$LocalLoadingCache                            : loaded 2 times (x 134B)
Class org.gradle.internal.service.UnknownServiceException                             : loaded 2 times (x 83B)
Class com.google.common.collect.Sets$4                                                : loaded 2 times (x 139B)
Class org.objectweb.asm.ModuleVisitor                                                 : loaded 2 times (x 81B)
Class com.google.common.cache.LocalCache$Strength$1                                   : loaded 2 times (x 81B)
Class com.google.common.util.concurrent.SettableFuture                                : loaded 2 times (x 114B)
Class com.google.common.cache.LocalCache$Strength$2                                   : loaded 2 times (x 81B)
Class com.google.common.cache.LocalCache$Strength$3                                   : loaded 2 times (x 81B)
Class com.google.common.collect.MapDifference                                         : loaded 2 times (x 70B)
Class org.objectweb.asm.FieldWriter                                                   : loaded 2 times (x 78B)
Class com.google.common.cache.CacheBuilder$NullListener                               : loaded 2 times (x 82B)
Class org.gradle.internal.classpath.TransformedClassPath                              : loaded 2 times (x 96B)
Class org.gradle.internal.classloader.InstrumentingClassLoader                        : loaded 2 times (x 70B)
Class com.google.common.cache.CacheLoader$FunctionToCacheLoader                       : loaded 2 times (x 75B)
Class com.google.common.collect.Iterators$ArrayItr                                    : loaded 2 times (x 97B)
Class com.google.common.collect.ImmutableCollection$Builder                           : loaded 2 times (x 76B)
Class com.google.common.base.Joiner                                                   : loaded 2 times (x 79B)
Class com.google.common.base.MoreObjects                                              : loaded 2 times (x 71B)
Class com.google.common.collect.Platform                                              : loaded 2 times (x 71B)
Class com.google.common.base.PairwiseEquivalence                                      : loaded 2 times (x 83B)
Class com.google.common.collect.UnmodifiableIterator                                  : loaded 2 times (x 80B)
Class org.gradle.internal.service.ServiceLocator                                      : loaded 2 times (x 70B)
Class com.google.common.base.Ascii                                                    : loaded 2 times (x 71B)
Class com.google.common.collect.SingletonImmutableBiMap                               : loaded 2 times (x 143B)
Class com.google.common.cache.LocalCache$1                                            : loaded 2 times (x 89B)
Class com.google.common.collect.Iterators$SingletonIterator                           : loaded 2 times (x 81B)
Class com.google.common.collect.AbstractMapEntry                                      : loaded 2 times (x 81B)
Class com.google.common.collect.Sets$ImprovedAbstractSet                              : loaded 2 times (x 135B)
Class com.google.common.collect.ImmutableList$Builder                                 : loaded 2 times (x 77B)
Class com.google.common.collect.AbstractMultimap                                      : loaded 2 times (x 123B)
Class com.google.common.cache.LocalCache$2                                            : loaded 2 times (x 142B)
Class com.google.common.collect.RegularImmutableAsList                                : loaded 2 times (x 217B)
Class com.google.common.util.concurrent.AbstractFuture$Trusted                        : loaded 2 times (x 70B)
Class com.google.common.collect.Iterators                                             : loaded 2 times (x 71B)
Class com.google.common.collect.Lists$StringAsImmutableList                           : loaded 2 times (x 207B)
Class com.google.common.util.concurrent.UncheckedExecutionException                   : loaded 2 times (x 82B)
Class org.gradle.kotlin.dsl.VersionCatalogAccessorsKt                                 : loaded 2 times (x 71B)
Class ijKotlinCoroutineJvmDebugInit1_9944wt7teiyq6lw8v67k619pp$_run_closure1          : loaded 2 times (x 139B)
Class com.google.common.collect.AbstractMapBasedMultimap$KeySet$1                     : loaded 2 times (x 82B)
Class org.objectweb.asm.ClassWriter                                                   : loaded 2 times (x 106B)
Class com.google.common.base.CharMatcher$And                                          : loaded 2 times (x 112B)
Class com.google.common.cache.CacheLoader$UnsupportedLoadingOperationException        : loaded 2 times (x 82B)
Class org.gradle.internal.classloader.ClasspathUtil$1                                 : loaded 2 times (x 76B)
Class com.google.common.base.Objects                                                  : loaded 2 times (x 71B)
Class org.objectweb.asm.FieldVisitor                                                  : loaded 2 times (x 77B)
Class com.google.common.collect.IndexedImmutableSet                                   : loaded 2 times (x 152B)
Class com.google.common.collect.ImmutableMap$1                                        : loaded 2 times (x 81B)
Class com.google.common.collect.BiMap                                                 : loaded 2 times (x 70B)
Class org.gradle.api.internal.classpath.DefaultModuleRegistry$DefaultModule           : loaded 2 times (x 86B)
Class com.google.common.primitives.Ints                                               : loaded 2 times (x 71B)
Class com.google.common.collect.AbstractIterator                                      : loaded 2 times (x 82B)
Class com.google.common.collect.ObjectArrays                                          : loaded 2 times (x 71B)
Class com.google.common.math.MathPreconditions                                        : loaded 2 times (x 71B)
Class com.google.common.collect.Multiset                                              : loaded 2 times (x 70B)
Class com.google.common.collect.ArrayListMultimapGwtSerializationDependencies         : loaded 2 times (x 172B)
Class com.google.common.collect.AbstractIndexedListIterator                           : loaded 2 times (x 96B)
Class com.google.common.collect.ImmutableMapEntrySet                                  : loaded 2 times (x 152B)
Class org.gradle.api.internal.classpath.Module                                        : loaded 2 times (x 70B)
Class com.google.common.cache.Weigher                                                 : loaded 2 times (x 70B)
Class org.gradle.api.internal.classpath.UnknownModuleException                        : loaded 2 times (x 82B)
Class com.google.common.base.Stopwatch                                                : loaded 2 times (x 72B)
Class com.google.common.cache.LocalCache$Strength                                     : loaded 2 times (x 81B)
Class com.google.common.cache.Cache                                                   : loaded 2 times (x 70B)
Class com.google.common.util.concurrent.AbstractFuture$Cancellation                   : loaded 2 times (x 72B)
Class com.google.common.collect.ImmutableMap$Builder                                  : loaded 2 times (x 82B)
Class com.google.common.cache.RemovalListener                                         : loaded 2 times (x 70B)
Class org.gradle.api.internal.DefaultClassPathRegistry                                : loaded 2 times (x 76B)
Class com.google.common.primitives.IntsMethodsForWeb                                  : loaded 2 times (x 71B)
Class com.google.common.collect.Multimap                                              : loaded 2 times (x 70B)
Class org.gradle.api.internal.ClassPathRegistry                                       : loaded 2 times (x 70B)
Class org.gradle.internal.classpath.DefaultClassPath$ImmutableUniqueList              : loaded 2 times (x 199B)
Class com.google.common.base.ExtraObjectsMethodsForWeb                                : loaded 2 times (x 71B)
Class [Lorg.objectweb.asm.Type;                                                       : loaded 2 times (x 69B)
Class com.google.common.cache.CacheBuilder                                            : loaded 2 times (x 72B)
Class com.google.common.collect.SingletonImmutableList                                : loaded 2 times (x 207B)
Class Settings_gradle$1                                                               : loaded 2 times (x 74B)
Class org.gradle.internal.classpath.ClassPath                                         : loaded 2 times (x 70B)
Class com.google.common.base.JdkPattern                                               : loaded 2 times (x 75B)
Class com.google.common.collect.ImmutableList$ReverseImmutableList                    : loaded 2 times (x 209B)
Class org.objectweb.asm.SymbolTable$Entry                                             : loaded 2 times (x 74B)
Class org.objectweb.asm.Edge                                                          : loaded 2 times (x 72B)
Class com.google.common.base.Suppliers$SupplierOfInstance                             : loaded 2 times (x 79B)
Class com.google.common.collect.Iterators$1                                           : loaded 2 times (x 81B)
Class com.google.common.cache.LocalCache$ComputingValueReference                      : loaded 2 times (x 96B)
Class com.google.common.collect.SingletonImmutableSet                                 : loaded 2 times (x 146B)
Class com.google.common.collect.ImmutableMap$IteratorBasedImmutableMap                : loaded 2 times (x 126B)
Class com.google.common.cache.LocalCache$Segment                                      : loaded 2 times (x 154B)
Class com.google.common.collect.AbstractListMultimap                                  : loaded 2 times (x 172B)
Class [Lorg.objectweb.asm.SymbolTable$Entry;                                          : loaded 2 times (x 69B)
Class com.google.common.cache.CacheLoader                                             : loaded 2 times (x 74B)
Class com.google.common.collect.Iterators$4                                           : loaded 2 times (x 82B)
Class com.google.common.collect.ImmutableBiMap                                        : loaded 2 times (x 143B)
Class org.gradle.api.internal.classpath.ModuleRegistry                                : loaded 2 times (x 70B)
Class org.gradle.internal.installation.GradleInstallation$1                           : loaded 2 times (x 75B)
Class com.google.common.collect.ImmutableSet$JdkBackedSetBuilderImpl                  : loaded 2 times (x 76B)
Class com.google.common.util.concurrent.internal.InternalFutureFailureAccess          : loaded 2 times (x 72B)
Class com.google.common.collect.Iterators$5                                           : loaded 2 times (x 82B)
Class com.google.common.base.CharMatcher$ForPredicate                                 : loaded 2 times (x 112B)
Class com.google.common.cache.LocalCache$LocalManualCache$1                           : loaded 2 times (x 75B)
Class com.google.common.base.CharMatcher$AnyOf                                        : loaded 2 times (x 112B)
Class com.google.common.collect.ImmutableCollection                                   : loaded 2 times (x 125B)
Class org.gradle.api.internal.classpath.DefaultModuleRegistry                         : loaded 2 times (x 86B)
Class com.google.common.collect.Lists                                                 : loaded 2 times (x 71B)
Class com.google.common.util.concurrent.ListenableFuture                              : loaded 2 times (x 70B)
Class com.google.common.cache.ReferenceEntry                                          : loaded 2 times (x 70B)
Class com.google.common.base.Converter                                                : loaded 2 times (x 90B)
Class com.google.common.collect.ImmutableSet$CachingAsList                            : loaded 2 times (x 148B)
Class com.google.common.collect.AbstractMapBasedMultimap                              : loaded 2 times (x 139B)
Class com.google.common.util.concurrent.AbstractFuture                                : loaded 2 times (x 106B)
Class com.google.common.base.FunctionalEquivalence                                    : loaded 2 times (x 83B)
Class com.google.common.collect.Iterators$9                                           : loaded 2 times (x 81B)
Class com.google.common.collect.ImmutableAsList                                       : loaded 2 times (x 209B)
Class org.objectweb.asm.RecordComponentVisitor                                        : loaded 2 times (x 77B)
Class com.google.common.cache.CacheLoader$SupplierToCacheLoader                       : loaded 2 times (x 75B)
Class com.google.common.collect.Maps$EntryTransformer                                 : loaded 2 times (x 70B)
Class org.gradle.internal.service.ServiceLookupException                              : loaded 2 times (x 82B)
Class [Lcom.google.common.cache.LocalCache$EntryFactory;                              : loaded 2 times (x 69B)
Class org.gradle.internal.classloader.ClassLoaderFactory                              : loaded 2 times (x 70B)
Class com.google.common.base.CommonPattern                                            : loaded 2 times (x 74B)
Class com.google.common.base.CharMatcher$IsNot                                        : loaded 2 times (x 111B)
Class com.google.common.cache.LocalCache$LocalManualCache                             : loaded 2 times (x 99B)
Class org.gradle.internal.service.CachingServiceLocator                               : loaded 2 times (x 82B)
Class com.google.common.collect.AbstractMapBasedMultimap$KeySet                       : loaded 2 times (x 137B)
Class com.google.common.math.IntMath                                                  : loaded 2 times (x 71B)
Class com.google.common.collect.ImmutableMapEntry                                     : loaded 2 times (x 85B)
Class com.google.common.base.Equivalence                                              : loaded 2 times (x 82B)
Class com.google.common.base.Function                                                 : loaded 2 times (x 70B)
Class com.google.common.collect.ImmutableMapEntry$NonTerminalImmutableMapEntry        : loaded 2 times (x 85B)
Class com.google.common.collect.IndexedImmutableSet$1                                 : loaded 2 times (x 213B)
Class com.google.common.cache.CacheBuilder$OneWeigher                                 : loaded 2 times (x 82B)
Class com.google.common.collect.RegularImmutableList                                  : loaded 2 times (x 213B)
Class org.gradle.internal.classloader.ClasspathUtil                                   : loaded 2 times (x 71B)
Class com.google.common.util.concurrent.Uninterruptibles                              : loaded 2 times (x 71B)
Class com.google.common.util.concurrent.LazyLogger                                    : loaded 2 times (x 72B)
Class com.google.common.collect.Maps                                                  : loaded 2 times (x 71B)
Class org.gradle.api.specs.Spec                                                       : loaded 2 times (x 70B)
Class [Lcom.google.common.collect.ImmutableEntry;                                     : loaded 2 times (x 69B)
Class com.google.common.cache.LocalCache$LoadingValueReference                        : loaded 2 times (x 96B)
Class com.google.common.base.Platform                                                 : loaded 2 times (x 71B)
Class [Lorg.objectweb.asm.AnnotationWriter;                                           : loaded 2 times (x 69B)
Class com.google.common.collect.Maps$8                                                : loaded 2 times (x 82B)
Class com.google.common.collect.Sets$SetView                                          : loaded 2 times (x 138B)
Class com.google.common.cache.LocalCache$StrongValueReference                         : loaded 2 times (x 90B)
Class org.objectweb.asm.Type                                                          : loaded 2 times (x 72B)
Class org.gradle.internal.classloader.VisitableURLClassLoader$InstrumentingVisitableURLClassLoader: loaded 2 times (x 123B)
Class com.google.common.math.IntMath$1                                                : loaded 2 times (x 71B)
Class org.objectweb.asm.ByteVector                                                    : loaded 2 times (x 79B)
Class [Lcom.google.common.cache.CacheBuilder$NullListener;                            : loaded 2 times (x 69B)
Class org.gradle.internal.classloader.VisitableURLClassLoader$Spec                    : loaded 2 times (x 74B)
Class org.gradle.internal.classpath.DefaultClassPath                                  : loaded 2 times (x 90B)
Class org.objectweb.asm.Symbol                                                        : loaded 2 times (x 73B)
Class com.google.common.base.CharMatcher$BitSetMatcher                                : loaded 2 times (x 112B)
Class com.google.common.collect.RegularImmutableMap$Values                            : loaded 2 times (x 207B)
Class com.google.common.collect.ImmutableSet                                          : loaded 2 times (x 145B)
Class org.gradle.internal.classloader.ClassLoaderSpec                                 : loaded 2 times (x 71B)
Class org.objectweb.asm.AnnotationWriter                                              : loaded 2 times (x 79B)
Class com.google.common.cache.CacheStats                                              : loaded 2 times (x 71B)
Class org.objectweb.asm.RecordComponentWriter                                         : loaded 2 times (x 78B)
Class com.google.common.util.concurrent.AbstractFuture$Listener                       : loaded 2 times (x 72B)
Class com.google.common.base.CharMatcher$Or                                           : loaded 2 times (x 112B)
Class Settings_gradle$1$1                                                             : loaded 2 times (x 74B)
Class org.objectweb.asm.Attribute                                                     : loaded 2 times (x 77B)
Class com.google.common.base.Supplier                                                 : loaded 2 times (x 70B)
Class org.gradle.internal.classloader.VisitableURLClassLoader                         : loaded 2 times (x 117B)
Class Settings_gradle                                                                 : loaded 2 times (x 124B)
Class ijKotlinCoroutineJvmDebugInit1_9944wt7teiyq6lw8v67k619pp                        : loaded 2 times (x 171B)
Class org.gradle.internal.Cast                                                        : loaded 2 times (x 71B)
Class org.gradle.api.Action                                                           : loaded 2 times (x 70B)
Class com.google.common.base.Strings                                                  : loaded 2 times (x 71B)
Class com.google.common.collect.Sets                                                  : loaded 2 times (x 71B)
Class org.objectweb.asm.Handler                                                       : loaded 2 times (x 72B)
Class com.google.common.base.CharMatcher$FastMatcher                                  : loaded 2 times (x 111B)
Class com.google.common.base.Ticker                                                   : loaded 2 times (x 72B)
Class [Lcom.google.common.cache.LocalCache$Segment;                                   : loaded 2 times (x 69B)
Class com.google.common.base.Predicate                                                : loaded 2 times (x 70B)
Class [Lcom.google.common.cache.LocalCache$Strength;                                  : loaded 2 times (x 69B)
Class com.google.common.cache.CacheBuilder$1                                          : loaded 2 times (x 85B)
Class com.google.common.collect.ImmutableMap                                          : loaded 2 times (x 120B)
Class org.gradle.internal.classpath.DefaultClassPath$ImmutableUniqueList$Builder      : loaded 2 times (x 75B)
Class com.google.common.base.CharMatcher$NegatedFastMatcher                           : loaded 2 times (x 113B)
Class com.google.common.cache.LocalCache                                              : loaded 2 times (x 187B)
Class com.google.common.cache.CacheBuilder$2                                          : loaded 2 times (x 79B)
Class com.google.common.collect.ArrayListMultimap                                     : loaded 2 times (x 172B)
Class com.google.common.cache.CacheBuilder$3                                          : loaded 2 times (x 72B)
Class [Lcom.google.common.collect.AbstractMapEntry;                                   : loaded 2 times (x 69B)
Class com.google.common.collect.ImmutableEntry                                        : loaded 2 times (x 82B)
Class org.gradle.api.GradleException                                                  : loaded 2 times (x 82B)
Class com.google.common.collect.CollectPreconditions                                  : loaded 2 times (x 71B)
Class ijJvmDebugger1_2sejiwqukoclx6evm3d3a26i                                         : loaded 2 times (x 171B)
Class com.google.common.collect.SortedMapDifference                                   : loaded 2 times (x 70B)
Class com.google.common.cache.LocalCache$EntryFactory                                 : loaded 2 times (x 83B)
Class com.google.common.cache.LocalCache$AbstractReferenceEntry                       : loaded 2 times (x 107B)
Class ijJvmDebugger1_2sejiwqukoclx6evm3d3a26i$_run_closure1$_closure2                 : loaded 2 times (x 140B)
Class org.gradle.internal.IoActions                                                   : loaded 2 times (x 71B)
Class org.objectweb.asm.SymbolTable                                                   : loaded 2 times (x 72B)
Class com.google.common.cache.CacheLoader$InvalidCacheLoadException                   : loaded 2 times (x 82B)
Class com.google.common.collect.ImmutableSet$RegularSetBuilderImpl                    : loaded 2 times (x 77B)
Class org.gradle.internal.classloader.SystemClassLoaderSpec                           : loaded 2 times (x 71B)
Class com.google.common.cache.LocalCache$StrongEntry                                  : loaded 2 times (x 108B)
Class com.google.common.util.concurrent.AbstractFuture$TrustedFuture                  : loaded 2 times (x 114B)
Class com.google.common.cache.LoadingCache                                            : loaded 2 times (x 70B)
Class org.objectweb.asm.MethodWriter                                                  : loaded 2 times (x 106B)
Class [Lcom.google.common.cache.Weigher;                                              : loaded 2 times (x 69B)
Class com.google.common.collect.RegularImmutableMap$BucketOverflowException           : loaded 2 times (x 82B)
Class com.google.common.collect.RegularImmutableBiMap                                 : loaded 2 times (x 149B)
Class com.google.common.base.CharMatcher$Is                                           : loaded 2 times (x 111B)
Class com.google.common.base.CharMatcher$Negated                                      : loaded 2 times (x 113B)
Class com.google.common.cache.LocalCache$ValueReference                               : loaded 2 times (x 70B)
Class com.google.common.base.PatternCompiler                                          : loaded 2 times (x 70B)
Class com.google.common.util.concurrent.AbstractFuture$Failure                        : loaded 2 times (x 72B)
Class com.google.common.base.Equivalence$Equals                                       : loaded 2 times (x 82B)
Class com.google.common.collect.Hashing                                               : loaded 2 times (x 71B)
Class com.google.common.base.Preconditions                                            : loaded 2 times (x 71B)
Class com.google.common.base.Joiner$1                                                 : loaded 2 times (x 80B)
Class org.objectweb.asm.Label                                                         : loaded 2 times (x 73B)
Class org.objectweb.asm.CurrentFrame                                                  : loaded 2 times (x 73B)
Class org.objectweb.asm.ClassTooLargeException                                        : loaded 2 times (x 83B)
Class com.google.common.base.CharMatcher                                              : loaded 2 times (x 111B)
Class com.google.common.collect.PeekingIterator                                       : loaded 2 times (x 70B)
Class com.google.common.collect.Maps$IteratorBasedAbstractMap                         : loaded 2 times (x 125B)
Class com.google.common.base.Joiner$2                                                 : loaded 2 times (x 79B)
Class org.objectweb.asm.Frame                                                         : loaded 2 times (x 73B)
Class org.objectweb.asm.MethodVisitor                                                 : loaded 2 times (x 105B)
Class com.google.common.base.CharMatcher$1                                            : loaded 2 times (x 113B)
Class com.google.common.base.CharMatcher$NamedFastMatcher                             : loaded 2 times (x 112B)
Class com.google.common.cache.LocalCache$EntryFactory$1                               : loaded 2 times (x 83B)
Class [Lcom.google.common.cache.RemovalListener;                                      : loaded 2 times (x 69B)
Class com.google.common.cache.LocalCache$EntryFactory$2                               : loaded 2 times (x 83B)
Class org.gradle.api.internal.classpath.GlobalCacheRootsProvider                      : loaded 2 times (x 70B)
Class org.objectweb.asm.ModuleWriter                                                  : loaded 2 times (x 82B)
Class com.google.common.cache.LocalCache$EntryFactory$3                               : loaded 2 times (x 83B)
Class com.google.common.base.Ticker$1                                                 : loaded 2 times (x 72B)
Class com.google.common.collect.Maps$BiMapConverter                                   : loaded 2 times (x 90B)
Class com.google.common.collect.ImmutableMapEntrySet$RegularEntrySet                  : loaded 2 times (x 152B)
Class com.google.common.collect.ImmutableSet$Builder                                  : loaded 2 times (x 85B)
Class com.google.common.base.CharMatcher$InRange                                      : loaded 2 times (x 111B)
Class com.google.common.cache.LocalCache$EntryFactory$4                               : loaded 2 times (x 83B)
Class com.google.common.cache.LocalCache$EntryFactory$5                               : loaded 2 times (x 83B)
Class com.google.common.base.Equivalence$Identity                                     : loaded 2 times (x 82B)
Class com.google.common.cache.LocalCache$EntryFactory$6                               : loaded 2 times (x 83B)
Class org.gradle.internal.installation.CurrentGradleInstallationLocator               : loaded 2 times (x 71B)
Class com.google.common.collect.Maps$KeySet                                           : loaded 2 times (x 137B)
Class com.google.common.collect.ImmutableSet$EmptySetBuilderImpl                      : loaded 2 times (x 76B)
Class com.google.common.cache.LocalCache$EntryFactory$7                               : loaded 2 times (x 83B)
Class com.google.common.collect.ImmutableList                                         : loaded 2 times (x 206B)
Class ijJvmDebugger1_2sejiwqukoclx6evm3d3a26i$_run_closure1                           : loaded 2 times (x 139B)
Class org.gradle.internal.service.DefaultServiceLocator                               : loaded 2 times (x 83B)
Class com.google.common.cache.LocalCache$EntryFactory$8                               : loaded 2 times (x 83B)
Class com.google.common.collect.ImmutableSet$SetBuilderImpl                           : loaded 2 times (x 76B)
Class org.gradle.internal.installation.CurrentGradleInstallation                      : loaded 2 times (x 73B)
Class com.google.common.cache.CacheLoader$1                                           : loaded 2 times (x 75B)
Class com.google.common.collect.ForwardingObject                                      : loaded 2 times (x 72B)
Class com.google.common.collect.ImmutableList$SubList                                 : loaded 2 times (x 209B)
Class org.gradle.util.internal.GUtil                                                  : loaded 2 times (x 71B)
Class com.google.common.cache.AbstractCache$StatsCounter                              : loaded 2 times (x 70B)
Class com.google.common.collect.Iterators$MergingIterator                             : loaded 2 times (x 81B)
Class com.google.common.collect.RegularImmutableSet                                   : loaded 2 times (x 149B)
Class org.gradle.internal.installation.GradleInstallation                             : loaded 2 times (x 75B)
Class com.google.common.collect.Iterables                                             : loaded 2 times (x 71B)

---------------  S Y S T E M  ---------------

OS:
 Windows 10 , 64 bit Build 19041 (10.0.19041.5915)
OS uptime: 5 days 8:16 hours

CPU: total 8 (initial active 8) (4 cores per cpu, 2 threads per core) family 6 model 58 stepping 9 microcode 0x21, cx8, cmov, fxsr, ht, mmx, sse, sse2, sse3, ssse3, sse4.1, sse4.2, popcnt, tsc, tscinvbit, avx, aes, erms, clmul, vzeroupper, clflush, rdtscp, f16c
Processor Information for the first 8 processors :
  Max Mhz: 3392, Current Mhz: 3392, Mhz Limit: 3392

Memory: 4k page, system-wide physical 8156M (586M free)
TotalPageFile size 17156M (AvailPageFile size 3M)
current process WorkingSet (physical memory assigned to process): 703M, peak: 716M
current process commit charge ("private bytes"): 742M, peak: 757M

vm_info: OpenJDK 64-Bit Server VM (21.0.10+-14961533-b1163.108) for windows-amd64 JRE (21.0.10+-14961533-b1163.108), built on 2026-03-02T19:58:50Z by "builder" with MS VC++ 16.10 / 16.11 (VS2019)

END.
